frage,antwort,quelle_url,kategorie,stand,ist_frage
Wann hilft mir diese Anleitung?,"Wenn Sie auf Ihrem Smartphone in der App „ID Austria“ angemeldet sind und auf oesterreich.gv.at ein Online-Service (z.B. FinanzOnline, MeineSV, …) zugreifen wollen, ohne sich dort erneut mit Benutzername und Signatur-Passwort anzumelden. Was ist das Standardverhalten und warum tritt manchmal ein Problem auf Häufigste Lösungsmöglichkeit für iOS-Geräte mit Safari als Browser Weitere Lösungsmöglichkeiten für iOS und Android",https://www.id-austria.gv.at/de/hilfe/hilfe-zu-ida/In-Online-Services-einsteigen-ohne-erneute-Anmeldung,hilfe-zu-ida,2026-07-14,False
Was ist das Standardverhalten und warum tritt manchmal ein Problem auf?,"Die angemeldete App „ID Austria“ ermöglicht es, sich bei Online-Services mittels Biometrie (Gesichtserkennung oder Fingerprint ID) bzw. Gerätepasswort anzumelden. Dafür benutzt die App „ID Austria” eine Verknüpfung mit dem Browser. Falls der Browser diese Verknüpfung verliert, übernimmt er wieder selbst die Authentifizierung und führt eine reguläre Web-Anmeldung durch, also mit Benutzername, Signatur-Passwort und Bestätigung einer offenen Signatur.",https://www.id-austria.gv.at/de/hilfe/hilfe-zu-ida/In-Online-Services-einsteigen-ohne-erneute-Anmeldung,hilfe-zu-ida,2026-07-14,True
Häufigste Lösungsmöglichkeit für iOS-Geräte mit Safari als Browser,Sie können die verlorene Verknüpfung des Browsers wiederherstellen: Rufen Sie dafür im Browser Ihres Smartphones die Seite ida.gv.at/u/web2app-pruefen auf. Es erscheint die Fehlermeldung „Leider ist ein Fehler aufgetreten. Die Anmeldung war nicht erfolgreich“. Oberhalb der Fehlermeldung ist ein Banner. Klicken Sie dort auf den Button „Öffnen“.,https://www.id-austria.gv.at/de/hilfe/hilfe-zu-ida/In-Online-Services-einsteigen-ohne-erneute-Anmeldung,hilfe-zu-ida,2026-07-14,False
Weitere Lösungsmöglichkeiten für iOS und Android,Lösungsansatz 1: Ändern Sie Ihren Standard-Browser (nur für iOS) Anleitungen zum Ändern des Standard Browsers: Für iOS: Apple Support Seite: Standard-Apps auf dem iPhone ändern,https://www.id-austria.gv.at/de/hilfe/hilfe-zu-ida/In-Online-Services-einsteigen-ohne-erneute-Anmeldung,hilfe-zu-ida,2026-07-14,False
Wann hilft mir diese Anleitung?,"Wenn Sie sich mit Ihrer ID Austria bei einem Service Provider anmelden wollen: in Vertretung einer Person oder eines Unternehmens, die/das Ihnen eine Vollmacht erteilt hat, oder in Vertretung einer Person, für die Sie obsorgeberechtigt sind, bzw. als Erwachsenenvertretung. Dies ist aktuell nur bei ""Öffentliches Gesundheitsportal Österreichischs"" (gesundheit.gv.at, ELGA-Portal) möglich.",https://www.id-austria.gv.at/de/hilfe/hilfe-zu-ida/anmeldung-in-vertretung,hilfe-zu-ida,2026-06-18,False
Anmeldung mit Vollmacht,"Wählen Sie auf der ID Austria Anmeldemaske „Person oder Unternehmen vertreten“. Wählen Sie die Person oder das Unternehmen, in deren/dessen Vertretung Sie sich anmelden möchten. Wählen Sie „In Vertretung anmelden“. Hier finden Sie Informationen zur Erteilung und Verwaltung einer Vollmacht.",https://www.id-austria.gv.at/de/hilfe/hilfe-zu-ida/anmeldung-in-vertretung,hilfe-zu-ida,2026-06-18,False
Anmeldung als obsorgeberechtigte Person oder Erwachsenenvertretung,Wählen Sie auf der ID Austria Anmeldemaske „Person vertreten“. Wählen Sie „Als obsorgeberechtigte Person oder Erwachsenenvertretung anmelden“. Geben Sie die Sozialversicherungsnummer als weiteres Personenmerkmal an.,https://www.id-austria.gv.at/de/hilfe/hilfe-zu-ida/anmeldung-in-vertretung,hilfe-zu-ida,2026-06-18,False
Ich habe ohne für mich ersichtlichen Grund eine SMS mit dem Titel „Signatur-Passwort zurücksetzen“ bekommen. Was bedeutet das?,"Wenn Sie diese SMS erhalten haben, ohne dass Sie selbst die Funktion „Signatur-Passwort zurücksetzen“ genutzt haben, liegt die Erklärung vermutlich darin, dass eine andere Person versehentlich Ihre Mobiltelefonnummer bzw. Ihren Benutzernamen bei dieser Funktion eingegeben hat. Bitte ignorieren Sie in diesem Fall die SMS. Beim „Signatur-Passwort zurücksetzen“ wird im ersten Schritt der Benutzername oder die hinterlegte Mobiltelefonnummer des betroffenen ID Austria Kontos eingegeben. Anschließend erhält man auf die hinterlegte Mobiltelefonnummer eine SMS mit dem Inhalt „Signatur-Passwort zurücksetzen“ sowie eine TAN. Erst durch die Eingabe dieser TAN wird der Prozess zur Änderung des ID Austria Signatur-Passwortes gestartet. Bei Fragen und für weitere Hilfestellungen kontaktieren Sie bitte das Service Center.",https://www.id-austria.gv.at/de/hilfe/hilfe-zu-ida/auffaellige-bestaetigungsanforderung,hilfe-zu-ida,2025-06-19,True
Ich habe ohne für mich ersichtlichen Grund eine Benachrichtigung bzw. offene Signatur für „Signatur-Passwort zurücksetzen“ bekommen. Was bedeutet das?,"Wenn Sie in der App „ID Austria“ diese Benachrichtigung bzw. offene Signatur erhalten haben, ohne dass Sie selbst die Funktion „Signatur-Passwort zurücksetzen“ genutzt haben, liegt die Erklärung vermutlich darin, dass eine andere Person dort versehentlich Ihre Mobiltelefonnummer bzw. Ihren Benutzernamen eingegeben hat. Bitte ignorieren Sie in diesem Fall die offene Signatur und unterschreiben Sie diese nicht. Beim „Signatur-Passwort zurücksetzen“ wird im ersten Schritt der Benutzername oder die Mobiltelefonnummer des betroffenen ID Austria Kontos eingegeben. Anschließend erhalten Sie eine Benachrichtigung der App „ID Austria“ mit dem Titel „ID Austria: Anfrage von Überprüfung zweiter Faktor“. Diese verlinkt auf eine offene Signatur mit dem Titel „Signatur-Passwort zurücksetzen“. Das Unterschreiben der offenen Signatur veranlasst den Versand eines RSa-Briefs an Ihren Hauptwohnsitz. Dieser enthält ein Einmal-Passwort, das für die Änderung Ihres Signatur-Passwortes notwendig ist. Falls Sie aus Versehen die offene Signatur mit dem Titel „Signatur-Passwort zurücksetzen“ in der App unterschrieben haben, Ihr Signatur-Passwort jedoch nicht zurücksetzen wollen, können Sie Ihr aktuelles Signatur-Passwort weiterhin benutzen, auch nach Erhalt des RSa-Briefs. Bei Fragen und für weitere Hilfestellungen kontaktieren Sie bitte das Service Center. Brauchen Sie weitere Unterstützung? Bitte kontaktieren Sie das Service Center.",https://www.id-austria.gv.at/de/hilfe/hilfe-zu-ida/auffaellige-bestaetigungsanforderung,hilfe-zu-ida,2025-06-19,True
Welche Authentifizierungfaktoren gibt es für ID Austria?,"Folgende Authentifizierungsfaktoren sind geeignet, um eine Anmeldung oder Signatur mit ID Austria zu bestätigen oder die ID Austria Registrierung durchzuführen: App „ID Austria“ mit Gesichtserkennung/Iriserkennung ( z.B. Face ID) bzw. Fingerabdruck-Funktion ( z.B. Touch ID) und/oder Gerätepasswort – mehr Info siehe Systemanforderungen FIDO-Sicherheitsschlüssel zur Verbindung mit einem Computer Signaturkarte zur Verbindung mit einem Kartenlesegerät alternative Authentifizierungs-App für ID Austria (derzeit z.B. App „A-Trust Signatur“ mit Gesichtserkennung/Iriserkennung bzw. Fingerabdruck-Funktion oder Gerätepasswort) Bei der ID Austria mit Basisfunktion sind Signaturen und Anmeldungen weiterhin zusätzlich mittels SMS TAN möglich. Sie ist jedoch nicht verlängerbar und bietet weniger Funktionen als die ID Austria mit Vollfunktion. Wenn die ID Austria mit Basisfunktion abläuft, müssen Sie eine neue ID Austria bei einer Behörde registrieren.",https://www.id-austria.gv.at/de/hilfe/hilfe-zu-ida/authentifizierungsfaktoren,hilfe-zu-ida,2026-07-10,True
Warum wird bei ID Austria mit Vollfunktion die Signatur mittels SMS-TAN nicht unterstützt? Welche Alternativen zur SMS-TAN gibt es?,"Bei Anmeldungen und Signaturen mittels Handy-Signatur oder ID Austria mit Basisfunktion konnten/können Sie sich eine SMS-TAN zusenden lassen, um Ihre Identität zu bestätigen. Die Vollfunktion der ID Austria unterliegt höheren EU-weiten Sicherheitsstandards, die z.B. auch die Ausweisfunktion am Smartphone ermöglichen. Eine Authentifizierung mittels SMS-TAN wird daher nicht angeboten. Es gibt folgende Alternativen zur SMS-TAN: App „ID Austria“: Sie erhalten eine Benachrichtigung von der App, die Sie auffordert, eine offene Signatur zu unterschreiben und per Fingerabdruck, Gesichtserkennung oder Gerätepasswort zu bestätigen. Hinweis: Wenn Sie Benachrichtigungen nicht aktiviert haben, können Sie in der App auch manuell auf „Offene Signaturen abfragen“ klicken, um Anmeldungen und Signaturen zu bestätigen. App „A-Trust Signatur“: Sie erhalten eine Benachrichtigung von der App, die Sie auffordert, eine offene Signatur zu unterzeichnen und per Fingerabdruck, Gesichtserkennung oder Gerätepasswort zu bestätigen. FIDO-Sicherheitsschlüssel: Um diesen anstelle der SMS-TAN zu nutzen, fügen Sie ihn mittels „FIDO-Sicherheitsschlüssel verknüpfen“ zu Ihrer ID Austria hinzu. Signaturkarte: Wenn Sie eine Signaturkarte besitzen, fügen Sie diese mittels „Signaturkarte hinzufügen“ als Authentifizierungsfaktor zu Ihrer ID Austria hinzu.",https://www.id-austria.gv.at/de/hilfe/hilfe-zu-ida/authentifizierungsfaktoren,hilfe-zu-ida,2026-07-10,True
Wie funktioniert die Nutzung der ID Austria mit FIDO-Sicherheitsschlüssel?,"FIDO-Sicherheitsschlüssel können als zweiter Authentifizierungsfaktor zur Anmeldung mit ID Austria im Webbrowser verwendet werden und stellen dort eine Alternative zu Smartphone-Apps wie zb die App „ID Austria“ dar. Es handelt sich dabei um einen FIDO 2 Token (Fast IDentity Online Token). Dies ist ein Gerät, das mit einem Computer verbunden werden kann, ähnlich wie ein USB-Stick. Wenn Sie den FIDO-Sicherheitsschlüssel zur ID Austria hinzufügen, generiert der FIDO-Sicherheitsschlüssel ein Schlüsselpaar, mit dem Sie sicher authentisiert werden: Der private Schlüssel verbleibt im Token, der öffentliche Schlüssel wird mit Ihrer ID Austria verknüpft. Für die Authentifizierung muss eine Anfrage mithilfe des privaten Schlüssels bestätigt werden. Dadurch fungiert der FIDO-Sicherheitsschlüssel – ähnlich wie ein am Smartphone gespeicherter Fingerabdruck – als zweiter Authentifizierungsfaktor, um Ihre Identität bei Anmeldungen im Web zu bestätigen. Ein FIDO-Sicherheitsschlüssel kann im Handel erworben werden. Achten Sie dabei bitte darauf, dass er mit der ID Austria kompatibel sind. Prüfen Sie dazu die Liste der kompatiblen FIDO-Sicherheitsschlüssel. Wenn Sie bereits eine ID Austria besitzen, können Sie einen FIDO-Sicherheitsschlüssel als Authentifizierungsfaktor unter „Neuen FIDO-Sicherheitsschlüssel verknüpfen“ hinzufügen. Beachten Sie, dass dieser nicht zwischen mehreren Personen geteilt werden kann. Wenn Sie noch keine ID Austria besitzen, können Sie die Registrierung mittels SMS-TAN und FIDO-Sicherheitsschlüssel oder Registrierung mittels Post- TAN und FIDO-Sicherheitsschlüssel durchführen. Dafür benötigen Sie kein Smartphone. Der FIDO-Sicherheitsschlüssel muss bei der Verknüpfung und bei jeder Verwendung mit dem Gerät verbunden sein. Dafür wird im Browser ein zusätzliches Fenster des qualifizierten Vertrauensdiensteanbieters geöffnet. Anschließend werden Sie durch die Authentifizierung geführt: Sie bestätigen Ihre Anmeldung durch Eingabe der PIN Ihres FIDO-Sicherheitsschlüssels und durch Tippen auf diesen. Hinweis: Je nach Gerätekonfiguration kann es vorkommen, dass Ihr Gerät beim Verbinden des FIDO-Sicherheitsschlüssels vorschlägt, einen Passkey zu erstellen und dafür einen QR-Code zu scannen. In diesem Fall klicken Sie bitte auf „Anderes Gerät verwenden“ und setzen den Prozess wie oben beschrieben fort. Um Ihren FIDO-Sicherheitsschlüssel zurückzusetzen, wenden Sie sich bitte telefonisch an den qualifizierten Vertrauensdiensteanbieter der ID Austria. Allgemeine Information zu FIDO 2: https://fidoalliance.org/fido2/ https://fidoalliance.org/how-fido-works/",https://www.id-austria.gv.at/de/hilfe/hilfe-zu-ida/authentifizierungsfaktoren,hilfe-zu-ida,2026-07-10,True
Welche FIDO-Sicherheitsschlüssel sind mit ID Austria kompatibel und wo sind sie erhältlich?,"FIDO-Sicherheitsschlüssel, die FIDO 2 Level 2 zertifiziert mit WebAuthn unterstützen, können mit ID Austria verwendet werden. Dies erfüllen derzeit: Modelle von GoTrustID: GoTrust Idem Key FIDO 2 ( USB-A/ NFC, USB-C/ NFC ) Modelle von Swissbit: iShield Key 2 ( USB-A/ NFC, USB-C/ NFC ) Modelle von Thales: SafeNet eToken Fusion Bio ( USB-A, USB-C) Modelle von TrustKey: Trustkey B210 Trustkey B210H Trustkey G310H Modelle von Yubico ( nur ab Firmware Version 5.7 – über welche Firmware Ihr YubiKey verfügt, können Sie auf der Yubico-Website mit einem Prüftool einsehen): YubiKey 5 Nano YubiKey 5 NFC YubiKey 5C YubiKey 5C Nano YubiKey 5C NFC YubiKey 5Ci Security Key NFC in schwarz ( USB-A, USB-C) Gängige Modelle bieten meist Verbindung via USB oder NFC zu Ihrem Computer an. Sie können im Handel erworben werden und können je nach Ausführung zwischen 30 Euro und 70 Euro kosten. Wir empfehlen die Nutzung am Betriebssystem Windows und die Verwendung von gängigen Browsern wie Chrome oder Firefox, um einen reibungslosen Ablauf sicherzustellen. Eine Übersicht über die Unterstützung von FIDO 2 auf Betriebssystemen und Browsern finden Sie auf https://fidoalliance.org/expanded-support-for-fido-authentication-in-ios-and-macos/.",https://www.id-austria.gv.at/de/hilfe/hilfe-zu-ida/authentifizierungsfaktoren,hilfe-zu-ida,2026-07-10,True
Kann ich die ID Austria auch ohne Smartphone nutzen?,"Ja, die ID Austria kann auch mittels FIDO-Sicherheitsschlüssel oder Signaturkarte genutzt werden. Die Hinterlegung Ihrer Mobiltelefonnummer wird dennoch empfohlen, da diese zur etwaigen Wiederherstellung des ID Austria Zugangs nötig ist. Brauchen Sie weitere Unterstützung? Bitte kontaktieren Sie das Service Center.",https://www.id-austria.gv.at/de/hilfe/hilfe-zu-ida/authentifizierungsfaktoren,hilfe-zu-ida,2026-07-10,True
Wann hilft mir diese Anleitung?,"Wenn Sie sich vergewissern wollen, wie Ihr Benutzername lautet, können Sie diesen in der App „ID Austria” oder im Web-Browser auf der Webseite oesterreich.gv.at einsehen. Benutzername in der App einsehen Benutzername im Web-Browser auf oesterreich.gv.at einsehen",https://www.id-austria.gv.at/de/hilfe/hilfe-zu-ida/benutzername-einsehen,hilfe-zu-ida,2025-09-30,False
Benutzername in der App „ID Austria“ einsehen,"Sie müssen eine verknüpfte App „ID Austria” haben, um diese Funktion zu nutzen. Gehen Sie zum Menüpunkt „Konto“. Ihr Benutzername sowie weitere Daten zu Ihrem ID Austria Zertifikat werden angezeigt. Bildschirm-Ablauf für „Benutzername einsehen“ in der App",https://www.id-austria.gv.at/de/hilfe/hilfe-zu-ida/benutzername-einsehen,hilfe-zu-ida,2025-09-30,False
Benutzernamen im Web-Browser auf oesterreich.gv.at einsehen,"Öffnen Sie im Web-Browser die Funktion Benutzernamen vergessen. Melden Sie sich mit Ihrer hinterlegten Mobiltelefonnummer, sowie Ihrem Signatur-Passwort an. Ihr Benutzername wird angezeigt.",https://www.id-austria.gv.at/de/hilfe/hilfe-zu-ida/benutzername-einsehen,hilfe-zu-ida,2025-09-30,False
Warum ist der Gang zur Registrierungsbehörde notwendig?,"Sicherheit steht bei der ID Austria an erster Stelle. Da mit der ID Austria – im Gegensatz zur Handy-Signatur – z.B. staatliche Ausweise digital zur Verfügung gestellt werden, ist es unbedingt erforderlich, dass die Identität der Nutzerinnen oder der Nutzer auch von der Behörde festgestellt wird. Das beugt Missbrauch vor und erhöht zudem das Vertrauen in die digitale Identität ID Austria. Hinweis: Für Nutzerinnen oder Nutzer der Handy-Signatur, deren Handy-Signatur behördlich registriert wurde, ist eine Online-Umstellung von Handy-Signatur zu ID Austria ohne nochmalige behördliche Identitätsfeststellung möglich.",https://www.id-austria.gv.at/de/hilfe/hilfe-zu-ida/besuch-bei-registrierungsbehoerden,hilfe-zu-ida,2025-10-10,True
Muss ich bei der Ausstellung des Reisepasses oder Personalausweises die ID Austria annehmen?,"Nein. Wenn Sie auf die ID Austria verzichten wollen, teilen Sie dies bitte bei der Ausstellung des Reisepasses oder Personalausweises Ihrer Sachbearbeiterin oder Ihrem Sachbearbeiter mit (Opt-out). Sie erhalten somit keine ID Austria.",https://www.id-austria.gv.at/de/hilfe/hilfe-zu-ida/besuch-bei-registrierungsbehoerden,hilfe-zu-ida,2025-10-10,True
Für wen entfällt der Gang zur Registrierungsbehörde?,"Für Nutzerinnen oder Nutzer, deren Handy-Signatur von einer Behörde registriert wurde ( z.B. via FinanzOnline oder von einem Gemeindeamt/einer Bezirkshauptmannschaft), ist kein persönlicher Behördengang für die Registrierung der ID Austria erforderlich. Sie können in diesem Fall die Online-Umstellung von Handy-Signatur zu ID Austria mit Vollfunktion durchführen. Nutzerinnen oder Nutzer, deren Handy-Signatur nicht von einer Behörde registriert wurde, haben die Möglichkeit, online von Handy-Signatur auf ID Austria mit Basisfunktion umzustellen. Sie können damit den von der Handy-Signatur gewohnten Funktionsumfang weiterhin nutzen, solange das Zertifikat gültig ist (normalerweise 5 Jahre ab Aktivierung der Handy-Signatur). Für weitere Funktionen, wie z.B. digitale Nachweise in der App „e Ausweise“, benötigen Sie allerdings die ID Austria mit Vollfunktion. Dafür ist ein Behördengang zur Identitätsfeststellung notwendig. Wenn Sie Ihre Handy-Signatur wie oben beschrieben zuerst online auf eine ID Austria mit Basisfunktion umstellen, ist Ihre ID Austria mit Basisfunktion im System der Behörde bereits vorregistriert. Sie können sie daher direkt bei der Behörde zur Vollfunktion aufwerten, siehe Anleitung ID Austria Registrierung mit ID Austria (Basisfunktion). Brauchen Sie weitere Unterstützung? Bitte kontaktieren Sie das Service Center.",https://www.id-austria.gv.at/de/hilfe/hilfe-zu-ida/besuch-bei-registrierungsbehoerden,hilfe-zu-ida,2025-10-10,True
Wie funktioniert die Umstellung von Bürgerkarten auf ID Austria?,"Warum ist es notwendig, die Bürgerkarte auf ID Austria umzustellen? Die ID Austria hat am 5. Dezember 2023 die Bürgerkarte und die Handy-Signatur abgelöst und ist in Österreich der neue Standard für den elektronischen Identitätsnachweis. Bürgerkarten müssen daher auf ID Austria umgestellt werden. Bei der ersten Anmeldung nach dem 5. Dezember 2023 werden Sie automatisch durch die nötigen Schritte zur Umstellung geführt. Wie funktioniert die Umstellung und wie ändern sich dadurch die verfügbaren Funktionalitäten? Bürgerkarten (Signaturkarten mit Personenbindung) ermöglichten bislang den Zugang zu e-Government Services. Um diese Funktionen weiterhin zu nutzen, ist es nötig, die Bürgerkarte auf eine ID Austria umzustellen. Die Bürgerkarte in ihrer bisherigen Form wird nicht mehr unterstützt. Die Umstellung kann im Zuge einer Anmeldung an einer Webanwendung erfolgen. Wählen Sie dazu „Bürgerkarte umstellen“ auf der Anmeldemaske von ID Austria. Weiters können Sie diese Umstellung mittels „Signaturkarte auf ID Austria umstellen“ starten. Alternativ können Sie, wenn Sie bereits eine ID Austria nutzen, die Signaturkarte mittels „Signaturkarte hinzufügen“ als zusätzlichen 2. Authentifizierungsfaktor hinzufügen. Ich habe meine Bürgerkarte auf ID Austria umgestellt. Wie kann ich nun einen zweiten Faktor hinzufügen, z.B. ein Smartphone? Für Ihre ID Austria können zusätzliche Authentifizierungsfaktoren ( z.B. Smartphone mit der App „ID Austria“ oder FIDO-Sicherheitsschlüssel) hinzugefügt werden. Verwenden Sie dazu die Funktionen „Smartphone in der App ""ID Austria"" mit QR-Code anmelden“ oder „Neuen FIDO-Sicherheitsschlüssel verknüpfen“. Im Zuge dieser Abläufe werden Sie aufgefordert, für Ihr ID Austria Konto einen Benutzernamen und ein Signatur-Passwort festzulegen.",https://www.id-austria.gv.at/de/hilfe/hilfe-zu-ida/buergerkarte-umstellen,hilfe-zu-ida,2026-02-23,True
Nach der Umstellung meiner Bürgerkarte habe ich eine ID Austria mit Basisfunktion erhalten. Wie kann ich diese auf eine Vollfunktion aufwerten?,"Eine Aufwertung ist zu empfehlen, weil nur bei der Vollfunktion die Möglichkeit besteht, die Gültigkeitsdauer zu verlängern. Wie Sie Ihre ID Austria (Basisfunktion) aufwerten können, hängt davon ab, ob die umgestellte Bürgerkarte ursprünglich behördlich oder nicht behördlich ausgestellt wurde (behördliche Ausstellungen werden durchgeführt von Ministerien, Land OÖ inkl. BH und Stadt Wien). Unter „Signatur-Zertifikatsdaten einsehen“ finden Sie je nachdem den Vermerk „behördlich“ oder „nicht behördlich“. Bei einer behördlichen Ausstellung wird Ihnen die Aufwertung bei Ihrer nächsten Anmeldung mit ID Austria angeboten. Halten Sie bitte dafür die Nummer Ihres aktuellen österreichischen Reisepasses oder Personalausweis bereit. Bei einer nicht-behördlichen Ausstellung muss eine behördliche Identifizierung auf einer Registrierungsbehörde durchgeführt werden. Wählen Sie dazu aus der Liste der verfügbaren Registrierungsbehörden in Österreich.",https://www.id-austria.gv.at/de/hilfe/hilfe-zu-ida/buergerkarte-umstellen,hilfe-zu-ida,2026-02-23,True
Wie können Signaturkarten mit der ID Austria genutzt werden?,"Signaturkarten (ohne Personenbindung) ermöglichen das Signieren von Dokumenten. Diese Signaturfunktion bleibt unverändert bestehen. Wenn Sie noch keine ID Austria besitzen, können Sie die Registrierung mittels SMS-TAN und Signaturkarte oder Registrierung mittels Post- TAN und Signaturkarte durchführen. Dafür benötigen Sie kein Smartphone. Zusätzlich kann die Signaturkarte mittels „Signaturkarte hinzufügen“ als 2. Authentifizierungsfaktor zu einer bestehenden ID Austria hinzugefügt werden. Ggf. ist es notwendig dem Webbrowser Berechtigungen zu erteilen um die Verwendung der Signaturkartenumgebung zu ermöglichen. Bitte folgen Sie dazu der Anleitung „Webbrowser Berechtigung zum Zugriff auf lokales Netzwerk geben für die Verwendung der Signaturkartenumgebung“. Brauchen Sie weitere Unterstützung? Bitte kontaktieren Sie das Service Center.",https://www.id-austria.gv.at/de/hilfe/hilfe-zu-ida/buergerkarte-umstellen,hilfe-zu-ida,2026-02-23,True
Wann hilft mir diese Anleitung?,"Wenn Sie mit Ihrer Signaturkarte unter Windows in einem Chromium-basierten Webbrowser eine ID Austria Anmeldung durchführen wollen und dabei die Fehlermeldung „Keine Signaturkartenumgebung erkannt“ erhalten, obwohl die Signaturkartenumgebung vorhanden und gestartet ist.",https://www.id-austria.gv.at/de/hilfe/hilfe-zu-ida/buergerkarte-umstellen/webbrowser-zugriff,hilfe-zu-ida,2026-04-22,False
Problem: Fehlende Webbrowser-Berechtigung zum Zugriff auf das lokale Netzwerk,"Aufgrund einer neuen Berechtigungsanfrage für den Zugriff auf das lokale Netzwerk bei Chromium-basierten Webbrowsern – z.B. Chrome, Edge und Opera – kann auf Windows die Signaturkartenumgebung mit diesen Webbrowsern erst verwendet werden, wenn Nutzende dem Webbrowser die Verbindung der Website login.id-austria.gv.at zur Signaturkartenumgebung als lokalem Gerät explizit erlaubt haben.",https://www.id-austria.gv.at/de/hilfe/hilfe-zu-ida/buergerkarte-umstellen/webbrowser-zugriff,hilfe-zu-ida,2026-04-22,False
Lösung: Zugriff auf lokales Netzwerk zulassen,"Hinweis: Die folgenden Abläufe gelten für den Webbrowser Chrome und können für andere Webbrowser abweichen. Um diesen Webbrowsern die Verbindung der Website login.id-austria.gv.at zur Signaturkartenumgebung als lokalem Gerät zu erlauben, gehen Sie wie folgt vor: Wählen Sie bei der Anmeldung „Anmelden mit ID Austria“. Danach klicken Sie in der Addresszeile oben auf das Icon „Websiteinformationen anzeigen“ (1) links von der Webseiten-Adresse „login.id-austria.gv.at“. Wenn hier die Einstellung „Zugriff auf lokales Netzwerk“ (2) angezeigt wird, aktivieren Sie den Zugriff und machen Sie direkt bei Schritt 5 weiter. Screenshot der „Websiteinformationen“ auf Chrome Wählen Sie nun „Website-Einstellungen“ (3) aus. Hinweis: Sie können die Website-Einstellungen für login.id-austria.gv.at auch direkt öffnen, indem Sie folgende URL in der Adresszeile eingeben: chrome://settings/content/siteDetails?site=https://login.id-austria.gv.at Erlauben Sie der Website Zugriff auf Ihr lokales Netzwerk (4). Screenshot der Website-Einstellungen für login.id-austria.gv.at auf Chrome Starten Sie die Anmeldung beim Service Provider erneut und wählen Sie „Signaturkarte“ als „Alternative Authentifizierungsmöglichkeit“: falls die Signaturkartenumgebung gestartet ist sollte sie nun zur Verfügung stehen.",https://www.id-austria.gv.at/de/hilfe/hilfe-zu-ida/buergerkarte-umstellen/webbrowser-zugriff,hilfe-zu-ida,2026-04-22,False
Inwiefern werden datenschutzrechtliche Bestimmungen/Standards bei der ID Austria berücksichtigt?,"Die ID Austria funktioniert unter höchsten datenschutzrechtlichen Standards, d.h. sie erfüllt die rechtlichen Vorgaben der Datenschutz-Grundverordnung (EU) 2016/679 ebenso wie des österreichischen Datenschutzgesetzes (DSG) in der geltenden Fassung. Der Bericht zur ID Austria Datenschutz-Folgenabschätzung ( DSFA ) (PDF, 2 MB) steht öffentlich zum Download bereit. Sie bestimmen, welche Ihrer Daten aus bestehenden elektronischen Registern ( z.B. Zentrales Melde- oder Personenstandsregister) abgefragt sowie an Dritte weitergegeben werden. Unautorisierte Abfragen im ID Austria-System – auch etwaiger unbekannter Anwendungen – werden blockiert. Für die Datenabfrage und-weitergabe ist somit Ihr proaktives Handeln und Ihre Autorisierung erforderlich. Die ID Austria entspricht laut Bescheinigung durch Spezialistinnen und Spezialisten der EU-Mitgliedsstaaten („eIDAS Kooperationsnetz“) den höchsten Sicherheitsanforderungen auf EU-Ebene. Die Stellungnahme des eIDAS Kooperationsnetzes war die Voraussetzung für die förmliche Notifizierung des österreichischen elektronischen Identitätsnachweises (ID Austria) am 28. Februar 2022. Die Bekanntmachung erfolgte daraufhin durch die Europäische Kommission im EU-Amtsblatt (offizielles Veröffentlichungsblatt). Seit Ablauf der Übergangsfrist von maximal 12 Monaten sind die anderen EU-Mitgliedstaaten verpflichtet, die ID Austria gleichwertig mit ihren eigenen e IDs in der höchsten Sicherheitsstufe anzuerkennen. Nutzerinnen oder Nutzer der ID Austria können daher ihre ID Austria auch für Anwendungen in ganz Europa nutzen.",https://www.id-austria.gv.at/de/hilfe/hilfe-zu-ida/datenschutz-sicherheit-und-stabilitaet,hilfe-zu-ida,2025-07-04,True
Ist das System ausfallsicher?,"Es werden umfassende Maßnahmen getroffen, um das System vor Ausfällen zu schützen. Eine 100%ige Sicherheit gibt es allerdings nicht.",https://www.id-austria.gv.at/de/hilfe/hilfe-zu-ida/datenschutz-sicherheit-und-stabilitaet,hilfe-zu-ida,2025-07-04,True
"Was passiert, wenn ich keine Internetverbindung habe?",In diesem Fall ist die ID Austria nicht verfügbar. Die Nachweisfunktion mit der App „e Ausweise“ ist allerdings auch ohne aktive Internetverbindung verfügbar.,https://www.id-austria.gv.at/de/hilfe/hilfe-zu-ida/datenschutz-sicherheit-und-stabilitaet,hilfe-zu-ida,2025-07-04,True
Werde ich durch die Datenfreigabe und deren Hinterlegung nicht „gläsern“?,"Nein. Auf die Protokollierung der Datenübermittlung erhalten ausschließlich Sie selbst Zugriff. Rufen Sie dafür die Funktion „Mein ID Austria Verwendungsverlauf“ auf. Außerdem können Sie einen Antrag auf Auskunft bei der Datenschutzbeauftragten des Bundeskanzleramtes einbringen. Für den Betreiber des ID Austria-Systems ist es aufgrund der gesetzlichen Bestimmungen und der gewählten Sicherheitsarchitektur nicht nachvollziehbar, welche Dateninhalte Sie an welche Anwendung übermitteln. Überdies werden die Daten bei der Auslieferung so abgesichert, dass sie von Unbeteiligten weder gelesen noch geändert werden können.",https://www.id-austria.gv.at/de/hilfe/hilfe-zu-ida/datenschutz-sicherheit-und-stabilitaet,hilfe-zu-ida,2025-07-04,True
"Unternehmen kommen auch gut ohne gesicherte Daten aus, warum sollte jemand einen Nutzen durch die Bereitstellung gesicherter Daten aus Behördenregistern erlangen?","Die Kriminalität im Internet nimmt stetig zu, siehe Polizeiliche Kriminalstatistik (PKS). Betrugsdelikte sind dabei wesentlich. Vor diesem Hintergrund stellt das System ein Angebot an die Bürgerinnen und Bürger sowie an die Wirtschaft dar, die eigenen Verwaltungs- und Geschäftsprozesse entsprechend sicher erledigen zu können und damit vorzusorgen.",https://www.id-austria.gv.at/de/hilfe/hilfe-zu-ida/datenschutz-sicherheit-und-stabilitaet,hilfe-zu-ida,2025-07-04,True
"Wie kann ich die Vertrauenswürdigkeit von Services prüfen, die eine Anmeldung mit ID Austria anbieten?","Die Services und Zertifikate der ID Austria sind mit der Domain login.id-austria.gv.at bzw. dem qualifizierten Vertrauensdiensteanbieter verbunden. Eine gv.at Domain kann ausschließlich von autorisierten Vertreterinnen und Vertretern der Republik Österreich registriert werden. Aufmerksame Nutzerinnen und Nutzer können aber durch Prüfung der Domain und des HTTPS-Zertifikats in der Adresszeile des Webbrowsers jederzeit prüfen, ob es sich um ein von der Republik autorisiertes Service handelt. Brauchen Sie weitere Unterstützung? Bitte kontaktieren Sie das Service Center.",https://www.id-austria.gv.at/de/hilfe/hilfe-zu-ida/datenschutz-sicherheit-und-stabilitaet,hilfe-zu-ida,2025-07-04,True
Gibt es ein Erklärvideo der ID Austria in Gebärdensprache?,"Ja, ein Erklärvideo über die ID Austria in Österreichischer Gebärdensprache ist auf der Webseite des ÖGLB zu finden. Brauchen Sie weitere Unterstützung? Bitte kontaktieren Sie das Service Center.",https://www.id-austria.gv.at/de/hilfe/hilfe-zu-ida/eklaervideos,hilfe-zu-ida,2025-06-13,True
Welche Funktionen erfüllt die ID Austria?,"Die ID Austria kann einerseits als elektronischer Identitätsnachweis für das Login in Online-Verfahren eingesetzt werden, andererseits kann damit auch elektronisch unterschrieben werden. Außerdem ermöglicht die ID Austria auch das Vorzeigen von digitalen Nachweisen ( z.B. Führerschein, Altersnachweis ). Die bekannten physischen Dokumente bleiben aber selbstverständlich gültig. Die ID Austria stellt die Weiterentwicklung der Handy-Signatur/Bürgerkarte dar und hat diese abgelöst. Nutzen Sie ID Austria für folgende Anwendungen (Auszug): Elektronische Signatur: Hinsichtlich der elektronischen Signatur erfüllt die ID Austria alle europäischen Vorgaben. Die qualifizierte Signatur, die mit der ID Austria durchgeführt werden kann, ist der eigenhändigen Unterschrift EU-weit gleichgestellt (Ausnahmen siehe Signatur- und Vertrauensdienstegesetz § 4 ). Das bedeutet, dass damit überall in Europa elektronisch unterschrieben werden kann. Login-Funktionalität: Die Login-Funktionalität – und somit der elektronische Nachweis der Identität der Nutzerinnen und Nutzer – kann für österreichische Anwendungen der Verwaltung und von privatwirtschaftlichen Services verwendet werden. Im Verwaltungsbereich sind andere EU-Länder verpflichtet, die ID Austria gleichwertig mit ihren eigenen eID s in der höchsten Sicherheitsstufe anzuerkennen. Österreichische Webanwendungen können natürlich auch jederzeit im Ausland aufgerufen und mit der Funktion der ID Austria genutzt werden. Ausweisfunktion: Mit der App „eAusweise“ und der ID Austria können digitale Nachweise – wie z.B. der digitale Führerschein – am Smartphone in Österreich vorgewiesen werden. Die ID Austria ersetzt jedenfalls kein Reisedokument bei einem Grenzübertritt.",https://www.id-austria.gv.at/de/hilfe/hilfe-zu-ida/funktionsumfang,hilfe-zu-ida,2026-02-25,True
Was ist der Unterschied zwischen ID Austria mit Basisfunktion und ID Austria mit Vollfunktion?,"Die Basisfunktion der ID Austria enthält alle Funktionen der Handy-Signatur. Auch Signaturen mittels SMS-TAN sind weiterhin möglich. Über einen Online-Prozess kann die Handy-Signatur auf die ID Austria (mit zumindest Basisfunktion) umgestellt werden. Dabei wird die Gültigkeitsdauer der Handy-Signatur übernommen, kann aber nicht mehr verlängert werden. Daher wird die Aufwertung auf ID Austria mit Vollfunktion vor Ende der Zertifikatslaufzeit empfohlen. Die Gültigkeitsdauer der ID Austria mit Basisfunktion finden Sie unter „Signatur-Zertifikatsdaten einsehen“. Wenn die ID Austria mit Basisfunktion abläuft, müssen Sie eine neue ID Austria bei einer Behörde registrieren. Die Vollfunktion der ID Austria eröffnet zusätzlich zu den Funktionen der Handy-Signatur auch neue Einsatzmöglichkeiten, wie z.B. die Ausweisfunktion am Smartphone und die EU-weite Anerkennung. Aus Sicherheitsgründen ist für die Registrierung der ID Austria mit Vollfunktion eine behördliche Identitätsfeststellung notwendig. Signaturen mittels SMS-TAN werden nicht mehr unterstützt. Wenn Sie Ihre Handy-Signatur auf die ID Austria mit Vollfunktion umstellen, wird die Gültigkeitsdauer der Handy-Signatur übernommen. Anschließend kann sie online unter „Meine ID Austria verwalten“ verlängert werden.",https://www.id-austria.gv.at/de/hilfe/hilfe-zu-ida/funktionsumfang,hilfe-zu-ida,2026-02-25,True
"Ich hatte bereits eine ID Austria mit Vollfunktion, jetzt habe ich mich neu angemeldet und mir wird wieder eine ID Austria mit Basisfunktion angezeigt. Woran liegt das?","Möglicherweise haben Sie Ihre alten Zugangsdaten für die Handy-Signatur verwendet (mit Mobiltelefonnummer als Benutzername). Wenn Sie die Behörde besucht haben und dort eine neue ID Austria registriert wurde, haben Sie beim Abschluss der Registrierung zu Hause auch einen neuen Benutzernamen und Signatur-Passwort vergeben. Unter „ID Austria verwalten“ können Sie Ihren Benutzernamen einsehen, wenn Sie Ihr Signatur-Passwort kennen und Ihre Mobiltelefonnummer hinterlegt ist. Bei weiteren Fragen kontaktieren Sie bitte das Service Center. Brauchen Sie weitere Unterstützung? Bitte kontaktieren Sie das Service Center.",https://www.id-austria.gv.at/de/hilfe/hilfe-zu-ida/funktionsumfang,hilfe-zu-ida,2026-02-25,True
Was ist die ID Austria und wo ist sie erhältlich?,"Die ID Austria ist der österreichische elektronische Identitätsnachweis. Damit können Sie sich modern, sicher und digital identifizieren sowie digitale Services nutzen. Sie erhalten die ID Austria bei allen Registrierungsbehörden. Für Nutzerinnen und Nutzer der Handy-Signatur besteht die Möglichkeit der Online-Umstellung von Handy-Signatur zu ID Austria.",https://www.id-austria.gv.at/de/hilfe/hilfe-zu-ida/generelle-info,hilfe-zu-ida,2026-02-25,True
Benötige ich Biometrie für die ID Austria?,"Die ID Austria unterliegt EU-weiten Sicherheitsstandards und benötigt daher zusätzlich zum Signatur-Passwort zumindest einen sicheren zweiten Authentifizierungsfaktor. Die Einrichtung von Biometrie ist dafür nicht erforderlich. Wenn Sie eine App ( z.B. die App „ID Austria“ ) als zweiten Authentifizierungsfaktor verwenden, kann diese mittels Gerätepasswort oder mittels Biometrie geschützt werden. Biometrische Daten liegen als verschlüsselte mathematische Darstellungen in einem gesicherten Bereich Ihres Geräts und verlassen diesen niemals. Sie werden nur innerhalb des gesicherten Bereichs genutzt, um zu bestätigen, dass der gescannte Fingerabdruck bzw. Gesicht den registrierten Biometriedaten entspricht. Mehr Information: Entsperrmethoden als Schutz der App",https://www.id-austria.gv.at/de/hilfe/hilfe-zu-ida/generelle-info,hilfe-zu-ida,2026-02-25,True
Ist die ID Austria kostenpflichtig?,"Nein, die ID Austria wird allen Nutzerinnen und Nutzern kostenlos zur Verfügung gestellt.",https://www.id-austria.gv.at/de/hilfe/hilfe-zu-ida/generelle-info,hilfe-zu-ida,2026-02-25,True
Ich möchte die ID Austria nutzen. Was sind die Voraussetzungen?,"Um die ID Austria zu erhalten, müssen Sie folgende Voraussetzungen erfüllen: vollendetes 14. Lebensjahr (= 14. Geburtstag) abgeschlossene Registrierung bei der Behörde zur Identitätsfeststellung Ausnahme: Für Nutzerinnen oder Nutzer der Handy-Signatur, deren Handy-Signatur behördlich registriert wurde, ist eine Online-Umstellung auf die Vollfunktion der ID Austria ohne nochmalige behördliche Identitätsfeststellung möglich. Wenn ihre Handy-Signatur nicht behördlich registriert wurde, ist eine Online-Umstellung auf die Basisfunktion der ID Austria möglich. Smartphone mit der App „ID Austria“ in der aktuellsten Version, siehe weitere technische Voraussetzungen aktivierte Gesichtserkennung/Iriserkennung ( z.B. Face ID ) bzw. Fingerabdruck-Funktion ( z.B. Touch ID ) und/oder Gerätepasswort auf dem Smartphone",https://www.id-austria.gv.at/de/hilfe/hilfe-zu-ida/generelle-info,hilfe-zu-ida,2026-02-25,True
Wie lange ist die ID Austria gültig?,"Die Gültigkeitsdauer für österreichische Staatsbürgerinnen und Staatsbürger beträgt ab dem Tag des Abschlusses der Registrierung 5 Jahre. Unter „ID Austria verlängern“ können Sie die Gültigkeitsdauer einsehen und um weitere 5 Jahre verlängern. Alternativ können Sie bei einer Registrierungsbehörde eine neue ID Austria registrieren. Nach einer Umstellung von der Handy-Signatur auf eine ID Austria ist diese für den Rest der fünfjährigen Laufzeit des Handy-Signatur-Zertifikats gültig. Bei ausländischen Staatsangehörigen kann die ID Austria nicht verlängert werden. Die Gültigkeitsdauer ist grundsätzlich auf 3 Jahre beschränkt. Besteht ein Hauptwohnsitz in Österreich, gilt die ID Austria 5 Jahre. Bei der örtlich zuständigen Registrierungsbehörde kann eine neue ID Austria registriert werden. Mehr Information: Wie kann ich meine ID Austria verlängern?",https://www.id-austria.gv.at/de/hilfe/hilfe-zu-ida/generelle-info,hilfe-zu-ida,2026-02-25,True
Welche Funktionen erfüllt die ID Austria?,"Die ID Austria kann einerseits als elektronischer Identitätsnachweis für das Login in Online-Verfahren eingesetzt werden, andererseits kann damit auch elektronisch unterschrieben werden. Außerdem ermöglicht die ID Austria auch das Vorzeigen von digitalen Nachweisen ( z.B. Führerschein, Altersnachweis ). Die bekannten physischen Dokumente bleiben aber selbstverständlich gültig. Die ID Austria stellt die Weiterentwicklung der Handy-Signatur/Bürgerkarte dar und hat diese abgelöst. Nutzen Sie ID Austria für folgende Anwendungen (Auszug): Elektronische Signatur: Hinsichtlich der elektronischen Signatur erfüllt die ID Austria alle europäischen Vorgaben. Die qualifizierte Signatur, die mit der ID Austria durchgeführt werden kann, ist der eigenhändigen Unterschrift EU-weit gleichgestellt (Ausnahmen siehe Signatur- und Vertrauensdienstegesetz § 4 ). Das bedeutet, dass damit überall in Europa elektronisch unterschrieben werden kann. Login-Funktionalität: Die Login-Funktionalität – und somit der elektronische Nachweis der Identität der Nutzerinnen und Nutzer – kann für österreichische Anwendungen der Verwaltung und von privatwirtschaftlichen Services verwendet werden. Im Verwaltungsbereich sind andere EU-Länder verpflichtet, die ID Austria gleichwertig mit ihren eigenen eID s in der höchsten Sicherheitsstufe anzuerkennen. Österreichische Webanwendungen können natürlich auch jederzeit im Ausland aufgerufen und mit der Funktion der ID Austria genutzt werden. Ausweisfunktion: Mit der App „eAusweise“ und der ID Austria können digitale Nachweise – wie z.B. der digitale Führerschein – am Smartphone in Österreich vorgewiesen werden. Die ID Austria ersetzt jedenfalls kein Reisedokument bei einem Grenzübertritt. Brauchen Sie weitere Unterstützung? Bitte kontaktieren Sie das Service Center.",https://www.id-austria.gv.at/de/hilfe/hilfe-zu-ida/generelle-info,hilfe-zu-ida,2026-02-25,True
"Welche Möglichkeiten gibt es, die Handy-Signatur auf ID Austria umzustellen?","Wie die Handy-Signatur auf die ID Austria mit Vollfunktion umgestellt werden kann, hängt davon ab, wo sie ursprünglich ausgestellt wurde: Wurde Ihre Handy-Signatur behördlich registriert, z.B. bei einem Gemeindeamt oder über FinanzOnline, dann können Sie die Online-Umstellung von Handy-Signatur zu ID Austria mit Vollfunktion durchführen. Wurde die Handy-Signatur nicht behördlich registriert ( z.B. über A1, Postamt, Sozialversicherung), ist die behördliche Identitätsfeststellung nachzuholen. Führen Sie dazu zunächst den Online-Umstieg von der Handy-Signatur zu ID Austria mit Basisfunktion – entweder im Web z.B. auf oesterreich.gv.at oder in der App „ID Austria“ – durch. Besuchen Sie anschließend eine Registrierungsbehörde, um eine ID Austria mit Vollfunktion zu erhalten. Weitere Informationen: Woran kann ich erkennen, ob meine Handy-Signatur behördlich registriert wurde und ich daher online auf die ID Austria mit Vollfunktion aufwerten kann? Anleitungsvideo zur Umstellung von einer behördlich registrierten Handy-Signatur",https://www.id-austria.gv.at/de/hilfe/hilfe-zu-ida/handy-signatur-umstellen,hilfe-zu-ida,2025-12-17,True
"Woran kann ich erkennen, ob meine Handy-Signatur (bzw. eine daraus entstandene ID Austria mit Basisfunktion) behördlich registriert wurde und ich daher online auf die ID Austria mit Vollfunktion aufwerten kann?","Mit der Funktion „Signatur-Zertifikatsdaten einsehen“ können Sie sowohl mit einer ID Austria mit Basisfunktion als auch mit einer Handy-Signatur die Daten Ihres Zertifikats einsehen. Dort ist die Information „behördlich“ oder „nicht behördlich“ vermerkt. Wenn Ihre Handy-Signatur bzw. ID Austria mit Basisfunktion behördlich registriert wurde ( z.B. bei einem Gemeindeamt oder über FinanzOnline * ), kann sie direkt online auf die Vollfunktion der ID Austria aufgewertet werden. Wenn sie nicht behördlich registriert wurde ( z.B. über A1, Postamt oder Sozialversicherung), kann sie online nur auf die Basisfunktion der ID Austria umgestellt werden. *Als behördliche Registrierungsstellen gelten laut Verordnung: oberstes Organ des Bundes oder der Länder Bürgermeister Bezirksverwaltungsbehörde Finanzamt Österreich FinanzOnline",https://www.id-austria.gv.at/de/hilfe/hilfe-zu-ida/handy-signatur-umstellen,hilfe-zu-ida,2025-12-17,True
"Ich habe eine Handy-Signatur, bleibt diese gültig?","Die Handy-Signatur wurde am 5. Dezember 2023 von der ID Austria abgelöst. Sie müssen daher auf die ID Austria umsteigen. Bei einer Anmeldung mit Handy-Signatur werden Sie einfach automatisch durch die nötigen Schritte zur Umstellung geführt. Rufen Sie dazu in der ID Austria Anmeldemaske ( z.B. auf oesterreich.gv.at ) den Link „Von Handy-Signatur umsteigen“ auf oder melden Sie sich in der App „ID Austria“ an. Wurde Ihre Handy-Signatur behördlich registriert, z.B. bei einem Gemeindeamt oder über FinanzOnline, dann können Sie die Online-Umstellung von Handy-Signatur zu ID Austria mit Vollfunktion durchführen. Wurde die Handy-Signatur nicht behördlich registriert ( z.B. über A1, Postamt, Sozialversicherung), ist die behördliche Identitätsfeststellung nachzuholen. Führen Sie dazu zunächst den Online-Umstieg von der Handy-Signatur zu ID Austria mit Basisfunktion – entweder im Web z.B. auf oesterreich.gv.at oder in der App „ID Austria“ – durch. Besuchen Sie anschließend eine Registrierungsbehörde, um eine ID Austria mit Vollfunktion zu erhalten. Bei der Online-Umstellung von der Handy-Signatur übernimmt die ID Austria mit Vollfunktion die restliche Gültigkeitsdauer der Handy-Signatur. Die Verlängerung der Gültigkeit ist online unter „ID Austria verlängern“ möglich. Die ID Austria mit Basisfunktion behält ebenfalls die Gültigkeitsdauer Ihrer Handy-Signatur, kann aber nicht mehr verlängert werden. Die Gültigkeitsdauer der Handy-Signatur bzw. ID Austria mit Basisfunktion finden Sie unter „Signatur-Zertifikatsdaten einsehen“. Weitere Informationen: Woran kann ich erkennen, ob meine Handy-Signatur behördlich registriert wurde und ich daher online auf die ID Austria mit Vollfunktion aufwerten kann? Anleitungsvideo zur Umstellung von einer behördlich registrierten Handy-Signatur Checkliste für Ihren Behörden-Termin zur ID Austria Registrierung",https://www.id-austria.gv.at/de/hilfe/hilfe-zu-ida/handy-signatur-umstellen,hilfe-zu-ida,2025-12-17,True
Wie kann ich meine Handy-Signatur auf ID Austria mit Vollfunktion umstellen?,"Ein Umstieg von Handy-Signatur auf ID Austria mit Vollfunktion kann online oder persönlich durchgeführt werden. Ob ein Online-Prozess genutzt werden kann oder eine Registrierungsbehörde persönlich aufgesucht werden muss, hängt davon ab, wo die Handy-Signatur registriert wurde. Mehr Info dazu finden Sie unter Woran kann ich erkennen, ob meine Handy-Signatur behördlich registriert wurde und ich daher online auf die ID Austria mit Vollfunktion aufwerten kann? Behördlich registrierte Handy-Signaturen ( z.B. bei einem Gemeindeamt oder über FinanzOnline) können im Rahmen eines Online-Prozesses umgestellt werden. Anleitungsvideo zur Umstellung von einer behördlich registrierten Handy-Signatur Bei der Online-Umstellung von der Handy-Signatur übernimmt die ID Austria mit Vollfunktion die restliche Gültigkeitsdauer der Handy-Signatur. Unter „ID Austria verlängern“ können Sie die Gültigkeitsdauer einsehen und um weitere 5 Jahre verlängern. Bei nicht behördlich registrierten Handy-Signaturen ( z.B. über A1, Postamt, Sozialversicherung) ist das Aufsuchen einer Registrierungsbehörde zur Feststellung der Identität nötig. Führen Sie dazu zunächst den Online-Umstieg von der Handy-Signatur zu ID Austria mit Basisfunktion – entweder im Web z.B. auf oesterreich.gv.at oder in der App „ID Austria“ – durch. Besuchen Sie anschließend eine Registrierungsbehörde, um eine ID Austria mit Vollfunktion zu erhalten. Hinweis: Bei der ID Austria mit Vollfunktion ist die Durchführung von Signaturen und Anmeldungen nur mit einem geeigneten Authentifizierungsfaktor möglich, z.B. App oder FIDO-Sicherheitsschlüssel. Die Signatur mittels SMS-TAN wird aus Sicherheitsgründen nicht mehr unterstützt.",https://www.id-austria.gv.at/de/hilfe/hilfe-zu-ida/handy-signatur-umstellen,hilfe-zu-ida,2025-12-17,True
Wie kann ich meine Handy-Signatur auf ID Austria mit Basisfunktion umstellen?,"Die Handy-Signatur kann über einen Online-Prozess auf die ID Austria mit Basisfunktion umgestellt werden: Folgen Sie dafür der Anleitung zum Umstieg und überspringen Sie den Schritt „Aufwerten zur Vollfunktion“ (Eingabe der Ausweisnummer). Dadurch wird Ihre Handy-Signatur nur auf eine ID Austria mit Basisfunktion umgestellt. Die ID Austria mit Basisfunktion bietet denselben Funktionsumfang wie die Handy-Signatur. Auch Signaturen mittels SMS-TAN sind weiterhin möglich. Die ID Austria mit Basisfunktion behält die Gültigkeitsdauer Ihrer Handy-Signatur, kann aber nicht mehr verlängert werden. Die Gültigkeitsdauer der Handy-Signatur bzw. ID Austria mit Basisfunktion finden Sie unter „Signatur-Zertifikatsdaten einsehen“. Wenn die ID Austria mit Basisfunktion abläuft, müssen Sie eine neue ID Austria bei einer Behörde registrieren. Brauchen Sie weitere Unterstützung? Bitte kontaktieren Sie das Service Center.",https://www.id-austria.gv.at/de/hilfe/hilfe-zu-ida/handy-signatur-umstellen,hilfe-zu-ida,2025-12-17,True
Wie kann ich meine ID Austria verlängern?,"Österreichische Staatsbürgerinnen und Staatsbürger, die bereits eine ID Austria mit Vollfunktion besitzen, können diese ganz einfach online verlängern unter ID Austria verlängern. Für ausländische Staatsangehörige kann die ID Austria nicht verlängert werden. Besuchen Sie bitte eine Registrierungsbehörde, um eine neue ID Austria zu registrieren.. Wenn Sie eine ID Austria mit Basisfunktion nutzen, kann diese nicht verlängert werden. Führen Sie zuerst die Aufwertung zur Vollfunktion der ID Austria durch und verlängern Sie diese anschließend. Für diese Umstellung stehen Ihnen mehrere Wege zur Verfügung: Wurde Ihre ID Austria mit Basisfunktion behördlich registriert, können Sie sie online oder in der App „ID Austria“ auf eine ID Austria mit Vollfunktion umstellen. Dafür benötigen Sie einen gültigen österreichischen Reisepass oder Personalausweis. Verlängern Sie anschließend die Gültigkeitsdauer online: Schritt 1: Umstellen auf die Vollfunktion der ID Austria (Anleitung) Schritt 2: ID Austria verlängern Wurde Ihre ID Austria mit Basisfunktion nicht behördlich registriert, ist die behördliche Identitätsfeststellung nachzuholen. Bitte vereinbaren Sie dazu rechtzeitig einen Termin bei einer Registrierungsbehörde. Mehr Information in der Registrierungsübersicht",https://www.id-austria.gv.at/de/hilfe/hilfe-zu-ida/id-austria-zertifikat,hilfe-zu-ida,2026-06-09,True
Ich erhalte die Meldung „Zertifikat abgelaufen“. Was kann ich tun?,"Wenn Ihre ID Austria abgelaufen ist, kann sie nicht mehr genutzt werden. Registrieren Sie in diesem Fall eine neue ID Austria bei einer Behörde. Infos zu verschiedenen Möglichkeiten finden Sie in der Registrierungsübersicht. Um rechtzeitig vor dem Ablauf Ihrer ID Austria an deren Verlängerung erinnert zu werden, geben Sie bei der nächsten Registrierung eine E-Mail-Adresse als Kontaktinformation an.",https://www.id-austria.gv.at/de/hilfe/hilfe-zu-ida/id-austria-zertifikat,hilfe-zu-ida,2026-06-09,True
"Wo kann ich meine Zertifikatsdaten (Typ, Gültigkeitsdauer etc. ) einsehen?",Sie können Ihre Zertifikatsdaten an folgenden Stellen einsehen: Auf der Plattform id-austria.gv.at: mit der Funktion „Signatur-Zertifikatsdaten einsehen“ In der App „ID Austria“: im „Konto“ in der Navigationsleiste Folgende Daten werden angezeigt: Name Benutzername Zertifikatstyp ( ID Austria Basisfunktion behördlich oder nicht behördlich bzw. ID Austria Vollfunktion ) Zertifikatsseriennummer Zertifikatsablaufdatum,https://www.id-austria.gv.at/de/hilfe/hilfe-zu-ida/id-austria-zertifikat,hilfe-zu-ida,2026-06-09,True
Ich möchte meine ID Austria nicht mehr nutzen. Was kann ich tun?,"Dazu haben Sie folgende Möglichkeiten: Sie können Ihre ID Austria bei Ihrem qualifizierten Vertrauensdiensteanbieter vorübergehend sperren oder endgültig deaktivieren. Dabei benötigen Sie Ihr Widerrufs-Passwort oder Zugriff auf das zu widerrufende Zertifikat (z.B. verknüpfte App „ID Austria“ ) zum Signieren Ihres Widerrufsansuchens. Sie können die Registrierungsbehörde ersuchen, Ihre ID Austria endgültig zu deaktivieren. Dazu müssen Sie persönlich erscheinen und sich mit einem amtlichen Lichtbildausweis ausweisen. Beachten Sie, dass dabei alle Ihre ID Austria Konten deaktiviert werden. Eine Online-Lösung für die endgültige Deaktivierung Ihrer ID Austria ist geplant.",https://www.id-austria.gv.at/de/hilfe/hilfe-zu-ida/id-austria-zertifikat,hilfe-zu-ida,2026-06-09,True
"Wer ist für die Korrektur meiner Daten zuständig, wenn etwas falsch eingetragen wurde bzw. falsch aufscheint?","Sollten Sie feststellen, dass Ihre aus den elektronischen Registern bezogenen Daten nicht korrekt sind, wenden Sie sich bitte an die jeweils zuständige Behörde, damit diese die Korrektur Ihrer Daten einleiten kann.",https://www.id-austria.gv.at/de/hilfe/hilfe-zu-ida/kontakt-bei-anfragen,hilfe-zu-ida,2025-06-18,True
Wo muss ich einen Antrag im Zusammenhang mit Betroffenenrechten der DSGVO ( Art. 13 bis 21) einbringen? Wer ist zuständig für die Beantwortung?,Bringen Sie den Antrag bei der Datenschutzbeauftragten des Bundeskanzleramtes (datenschutz@bka.gv.at) ein.,https://www.id-austria.gv.at/de/hilfe/hilfe-zu-ida/kontakt-bei-anfragen,hilfe-zu-ida,2025-06-18,True
Wer ist für die Verwaltung und Aktualisierung der Daten in meiner ID Austria zuständig bzw. verantwortlich?,"Ihre ID Austria wird automatisch um alle Änderungen aktualisiert, die in einem Behördenregister vorgenommen werden ( z.B. Wohnsitzänderung, Hochzeit). Welche Daten zu Ihrer Person via ID Austria vorhanden sind, können Sie unter „Meine ID Austria Daten“ einsehen. Informationen zur Verwaltung von persönlichen Kontaktdaten für den qualifizierten Vertrauensdiensteanbieter finden Sie unter Wie kann ich meine E-Mail-Adresse ändern? und in der Anleitung Mobiltelefonnummer hinterlegen/ändern. Brauchen Sie weitere Unterstützung? Bitte kontaktieren Sie das Service Center.",https://www.id-austria.gv.at/de/hilfe/hilfe-zu-ida/kontakt-bei-anfragen,hilfe-zu-ida,2025-06-18,True
Ich habe eine neue Mobiltelefonnummer. Was muss ich tun?,"Um für Ihre ID Austria eine (neue) Mobiltelefonnummer zu hinterlegen, nutzen Sie bitte die Funktion „Mobiltelefonnummer hinterlegen/ändern“. Weitere Informationen finden Sie in der Anleitung Mobiltelefonnummer hinterlegen/ändern. Bitte beachten Sie: Die Schritte zur Änderung der Mobiltelefonnummer unterscheiden sich je nachdem, ob Ihre ID Austria auf einer Behörde neu registriert wurde oder durch Umstellung einer Handy-Signatur erstellt wurde.",https://www.id-austria.gv.at/de/hilfe/hilfe-zu-ida/kontaktdaten-aendern,hilfe-zu-ida,2025-06-18,True
Wie kann ich meine E-Mail-Adresse ändern?,"Kontaktieren Sie bitte das Service Center, um jene E-Mail-Adresse zu ändern, an die Sie Informationen zu Ihrem ID Austria Signatur-Zertifikat (bezüglich Ablauf, Sperre, Widerruf etc. ) erhalten möchten.",https://www.id-austria.gv.at/de/hilfe/hilfe-zu-ida/kontaktdaten-aendern,hilfe-zu-ida,2025-06-18,True
Meine Wohnadresse hat sich geändert. Was muss ich tun?,Sie müssen nach erfolgter Meldung nichts weiter tun. Ihre neue Wohnadresse wird automatisch aus dem zentralen Melderegister (ZMR) übernommen.,https://www.id-austria.gv.at/de/hilfe/hilfe-zu-ida/kontaktdaten-aendern,hilfe-zu-ida,2025-06-18,True
Mein Familienname hat sich geändert. Was muss ich tun?,"Sie müssen nichts weiter tun. Ihr neuer Familienname wird automatisch aus dem Behördenregister übernommen. Falls dabei Probleme auftreten sollten, kontaktieren Sie bitte das Service Center. Brauchen Sie weitere Unterstützung? Bitte kontaktieren Sie das Service Center.",https://www.id-austria.gv.at/de/hilfe/hilfe-zu-ida/kontaktdaten-aendern,hilfe-zu-ida,2025-06-18,True
Wann hilft mir diese Anleitung?,"Wenn Sie vorhaben, Ihre Mobiltelefonnummer zu wechseln oder dies bereits getan haben. In diesem Fall sollten Sie die neue Mobiltelefonnummer auch in der ID Austria Kontoverwaltung hinterlegen. Wenn Sie vermeiden wollen, dass durch eine Abmeldung der App „ID Austria“ eine Neuregistrierung notwendig wird. Wozu dient eine hinterlegte Mobiltelefonnummer? Woher weiß ich, ob eine Mobiltelefonnummer bei meinem ID Austria Konto hinterlegt ist? Wie kann ich meine Mobiltelefonummer hinterlegen/ändern? Welche Voraussetzungen müssen erfüllt sein?",https://www.id-austria.gv.at/de/hilfe/hilfe-zu-ida/mobilnummer-hinterlegen,hilfe-zu-ida,2026-05-22,False
Wozu dient eine hinterlegte Mobiltelefonnummer?,"Die Hinterlegung einer Mobiltelefonnummer bei Ihrem ID Austria Konto ermöglicht Ihnen, diese zum Verknüpfen neuer Geräte zu nutzen. Dies ist bspw. dann nötig, wenn Sie aus der App abgemeldet sind, und kein weiterer Authentifizierungsfaktor zur Verfügung steht, um eine erneute Verknüpfung mit der App „ID Austria“ durchzuführen. In so einem Fall wird an die hinterlegte Mobiltelefonnummer die TAN (Einmal-Passwort) per SMS übermittelt. Wenn Sie Ihre Mobiltelefonnummer wechseln, sollten Sie daher auch die bei Ihrem ID Austria Konto hinterlegte Mobiltelefonnummer auf die neue Mobiltelefonnummer ändern.",https://www.id-austria.gv.at/de/hilfe/hilfe-zu-ida/mobilnummer-hinterlegen,hilfe-zu-ida,2026-05-22,True
"Woher weiß ich, ob eine Mobiltelefonnummer bei meinem ID Austria Konto hinterlegt ist?","Für die meisten Nutzerinnen und Nutzer ist im ID Austria Konto eine Mobiltelefonnummer hinterlegt. Dies ist nämlich automatisch der Fall, falls Sie: eine ursprüngliche Handy-Signatur zu ID Austria umgestellt haben – in diesem Fall wurde Ihre Mobiltelefonnummer zu Ihrem Benutzernamen – und diese Mobiltelefonnummer wurde automatisch in Ihrem Konto hinterlegt. die Neuregistrierung einer ID Austria mittels Registrierung mit SMS-TAN, oder Registrierung mit Post- TAN per RS a-Brief durchgeführt haben – hier war die Hinterlegung einer Mobiltelefonnummer verpflichtend. Bei den folgenden Registrierungsarten ist es möglich, aber nicht verpflichtend, eine Mobiltelefonnummer zu hinterlegen: ID Austria Registrierung mit App „ID Austria“ (und zuvor mit der „Digitales Amt“) ID Austria Online-Vorregistrierung mit Dokumentennummer",https://www.id-austria.gv.at/de/hilfe/hilfe-zu-ida/mobilnummer-hinterlegen,hilfe-zu-ida,2026-05-22,True
Wie kann ich meine Mobiltelefonummer hinterlegen/ändern?,Nutzen Sie die Funktion Mobiltelefonnummer hinterlegen oder ändern,https://www.id-austria.gv.at/de/hilfe/hilfe-zu-ida/mobilnummer-hinterlegen,hilfe-zu-ida,2026-05-22,True
"Welche Voraussetzungen müssen erfüllt sein, um eine Mobiltelefonummer zu hinterlegen/ändern zu können?","Ihre ID Austria muss bei einer Registrierungsbehörde registriert worden sein – Sie haben dabei einen Benutzernamen festgelegt, der nicht nur aus Ziffern besteht, sondern zumindest einen Buchstaben enthält. Sie müssen auch über einen zweiten Authentifizierungsfaktor verfügen, also beispielsweise verknüpfte der App „ID Austria”, oder Zugriff auf Ihre hinterlegte Mobiltelefonnummer haben. Was kann ich tun, wenn ich diese Voraussetzungen nicht erfülle? Falls Ihr Benutzername aus Ihrer Mobiltelefonnummer besteht, gibt es eine Alternative: Solange Sie Zugriff auf eine verknüpfte App „ID Austria” oder einen anderen zweiten Authentifizierungsfaktor haben, können Sie selbst online ein neues ID Austria Konto erstellen. Sie finden diese Funktion in den ID Austria Verwaltungsfunktionen auf der Seite Zugangsdaten & Zertifikat verwalten. In diesem neuen Konto können Sie dann Ihre gewünschte Mobiltelefonnummer hinterlegen.",https://www.id-austria.gv.at/de/hilfe/hilfe-zu-ida/mobilnummer-hinterlegen,hilfe-zu-ida,2026-05-22,True
Kann ich die ID Austria für nicht-österreichische Anwendungen verwenden?,"Bei der Nutzung der ID Austria ist zwischen Signatur- und Loginfunktion zu unterscheiden: Signaturfunktion: Betreffend der elektronischen Signatur erfüllt die ID Austria alle europäischen Vorgaben. Die qualifizierte Signatur, die mit der ID Austria durchgeführt werden kann, ist der eigenhändigen Unterschrift EU-weit gleichgestellt (Ausnahmen siehe Signatur- und Vertrauensdienstegesetz § 4 ). Sie können diese also in jeder EU-weiten Anwendung, die eine qualifizierte Signatur verlangt, verwenden. Die Loginfunktion und somit der elektronische Nachweis der Identität der Nutzerinnen oder Nutzer – kann für österreichische Anwendungen der Verwaltung und von privatwirtschaftlichen Services verwendet werden. Im Verwaltungsbereich sind andere EU-Länder verpflichtet, die ID Austria gleichwertig mit ihren eigenen eIDs in der höchsten Sicherheitsstufe anzuerkennen. Österreichische Webanwendungen können natürlich auch jederzeit im Ausland aufgerufen und mit der Funktion der ID Austria genutzt werden. Brauchen Sie weitere Unterstützung? Bitte kontaktieren Sie das Service Center.",https://www.id-austria.gv.at/de/hilfe/hilfe-zu-ida/nutzungsmoeglichkeiten,hilfe-zu-ida,2025-06-18,True
"Hat jemand Zugriff auf meine Daten, wenn ich das Mobiltelefon verliere?","Mit der ID Austria werden die angeforderten persönlichen Daten bei jeder Verwendung von einem hochsicheren österreichischen Server abgerufen. Für jede Nutzung der ID Austria müssen Sie Ihre Identität mittels Fingerabdruck, Gesichtserkennung/Iriserkennung und/oder Gerätepasswort bestätigen. Deshalb können auch nur Sie Ihre ID Austria nutzen oder mit einem neuen Gerät verknüpfen. Bei Verlust Ihres Mobiltelefons können Sie online die Verknüpfung Ihrer ID Austria mit der App „ID Austria“ aufheben.",https://www.id-austria.gv.at/de/hilfe/hilfe-zu-ida/persoenliche-daten,hilfe-zu-ida,2025-06-18,True
Wem werden meine Daten freigegeben?,"Ihre Daten werden nur Ihnen selbst oder in Ihrem Auftrag einem Dritten ( z.B. der Geschäftspartnerin oder dem Geschäftspartner) zur Verfügung gestellt. Vor Weitergabe Ihrer Daten müssen Sie aber zuerst die Datenfreigabe bestätigen. Die Behördenregister ( z.B. das Zentrale Melderegister), die im Rahmen der ID Austria-Nutzung abgefragt werden, kennen den Verwendungszweck der Daten nicht.",https://www.id-austria.gv.at/de/hilfe/hilfe-zu-ida/persoenliche-daten,hilfe-zu-ida,2025-06-18,True
Werden meine Daten gesammelt?,"Die Behörde hat keinen Zugriff auf Daten, die nicht ohnehin schon im Rahmen bestehender Register und geltender Rechtsgrundlagen verfügbar sind. Mit dem ID Austria-System wird lediglich eine sichere Infrastruktur für die Verarbeitung ausgewählter Daten aus bestehenden Registern zur Verfügung gestellt.",https://www.id-austria.gv.at/de/hilfe/hilfe-zu-ida/persoenliche-daten,hilfe-zu-ida,2025-06-18,True
Warum muss ich die Mobiltelefonnummer bei der Behörde angeben?,"Die Angabe der Mobiltelefonnummer bei der Behörde ist nur für die Registrierungsvariante per SMS-TAN notwendig, um die SMS-TAN versenden zu können, mit der Ihr Mobiltelefon mit Ihrer ID Austria verknüpft wird. Sie wird nicht von der Behörde gespeichert. Sie wird jedoch beim qualifizierten Vertrauensdiensteanbieter bei Ihrer ID Austria hinterlegt. Die Mobiltelefonnummer ist zur Wiederherstellung des ID Austria Zugangs notwendig, wenn dieser nicht mehr mit der App „ID Austria“ oder einem anderen geeigneten Authentifizierungsfaktor möglich ist.",https://www.id-austria.gv.at/de/hilfe/hilfe-zu-ida/persoenliche-daten,hilfe-zu-ida,2025-06-18,True
Bei welchen Registrierungsvarianten ist die Angabe einer Mobiltelefonnummer erforderlich?,"Die Angabe der Mobiltelefonnummer ist bei der ID Austria Registrierung mit SMS-TAN erforderlich. Die Mobiltelefonnummer ist notwendig, um die SMS-TAN versenden zu können, mit der Ihr Mobiltelefon mit Ihrer ID Austria verknüpft wird. Sie wird nicht von der Behörde gespeichert, jedoch beim qualifizierten Vertrauensdiensteanbieter zu Ihrer ID Austria hinterlegt. Sie ist auch zur Wiederherstellung des ID Austria Zugangs notwendig, wenn dieser nicht mehr mit der App „ID Austria“ oder einem anderen geeigneten Authentifizierungsfaktor möglich ist.",https://www.id-austria.gv.at/de/hilfe/hilfe-zu-ida/persoenliche-daten,hilfe-zu-ida,2025-06-18,True
"Wieso ist es von Vorteil, die E-Mail-Adresse anzugeben?","Die E-Mail-Adresse ermöglicht eine leichtere Kontaktaufnahme durch den qualifizierten Vertrauensdiensteanbieter bei Sperre und Widerruf. Zudem werden Sie rechtzeitig mittels E-Mail daran erinnert, Ihre ID Austria zu verlängern. Wenn Sie mehrere E-Mail-Adressen haben, geben Sie die E-Mail-Adresse an, über die Sie kontaktiert werden möchten. Brauchen Sie weitere Unterstützung? Bitte kontaktieren Sie das Service Center.",https://www.id-austria.gv.at/de/hilfe/hilfe-zu-ida/persoenliche-daten,hilfe-zu-ida,2025-06-18,True
Wann hilft mir diese Anleitung?,"Wenn Sie Ihren Benutzernamen nicht kennen oder unsicher sind, was Sie eingeben sollen. Wann ist meine Mobiltelefonnummer mein Benutzername? Wie kann ich meinen Benutzernamen einsehen? Wenn Sie Ihr Signatur-Passwort nicht mehr wissen. Wie kann ich mein Signatur-Passwort ändern? Wenn Sie bei der Identifikation mittels Benutzername und Signatur-Passwort (z.B. bei einer Anmeldung, beim Verknüpfen mit der App oder beim Verwalten Ihres Kontos) diese Fehlermeldung bekommen: „Benutzername und/oder Signatur-Passwort nicht korrekt“. Was sind mögliche Gründe für diesen Fehler?",https://www.id-austria.gv.at/de/hilfe/hilfe-zu-ida/probleme-bei-anmeldung,hilfe-zu-ida,2026-02-19,False
Wann ist meine Mobiltelefonnummer mein Benutzername?,Handy-Signaturen hatten als Benutzername immer eine Mobiltelefonnummer. Bei einer Umstellung von Handy-Signatur auf ID Austria wurden Benutzername und Signatur-Passwort beibehalten. Bei einer solchen ID Austria ist also der Benutzername weiterhin die Mobiltelefonnummer. Diese wurde dabei als Mobiltelefonnummer im ID Austria Konto hinterlegt.,https://www.id-austria.gv.at/de/hilfe/hilfe-zu-ida/probleme-bei-anmeldung,hilfe-zu-ida,2026-02-19,True
Wie kann ich meinen Benutzernamen einsehen?,Folgende Voraussetzungen bestehen für die Nutzung dieser Funktion: in der App „ID Austria“: App muss verknüpft bzw. angemeldet sein im Web-Browser: Signatur-Passwort sowie eine hinterlegte Mobiltelefonnummer Bitte benutzen Sie die Anleitung ID Austria Benutzernamen einsehen.,https://www.id-austria.gv.at/de/hilfe/hilfe-zu-ida/probleme-bei-anmeldung,hilfe-zu-ida,2026-02-19,True
Wie kann ich mein Signatur-Passwort ändern?,"Bitte benutzen Sie die Anleitung ID Austria Signatur-Passwort zurücksetzen. Tipp: Bevor Sie versuchen, Ihr Passwort zu ändern, prüfen Sie bitte Ihren Benutzernamen (siehe oben).",https://www.id-austria.gv.at/de/hilfe/hilfe-zu-ida/probleme-bei-anmeldung,hilfe-zu-ida,2026-02-19,True
Was sind mögliche Gründe für den Fehler „Benutzername und/oder Signatur-Passwort nicht korrekt“?,"Diese Fehlermeldung bedeutet, dass zumindest eine der beiden Eingaben (Benutzername oder Signatur-Passwort) falsch ist. Eventuell haben Sie sich verschrieben – bitte probieren Sie es daher noch einmal und achten Sie auf Groß- und Kleinschreibung. Wie kann ich meinen Benutzernamen einsehen? Wie kann ich mein Signatur-Passwort ändern? Ein anderer Grund könnte sein, dass Ihre Eingaben zu einer widerrufenen ID Austria oder abgelaufenen Handy-Signatur gehören.",https://www.id-austria.gv.at/de/hilfe/hilfe-zu-ida/probleme-bei-anmeldung,hilfe-zu-ida,2026-02-19,True
Ich habe meinen ID Austria-Ausdruck von der Behörde verloren und die Registrierung noch nicht abgeschlossen. Was muss ich tun?,"Bitte wenden Sie sich an eine Registrierungsbehörde, um erneut eine ID Austria zu beantragen. Sie erhalten im Zuge dessen einen neuen Ausdruck, um die Registrierung abzuschließen.",https://www.id-austria.gv.at/de/hilfe/hilfe-zu-ida/probleme-bei-registrierung,hilfe-zu-ida,2026-02-25,True
Nach meiner neuen ID Austria Registrierung bei einer Behörde ist meine alte ID Austria widerrufen und ich kann die Registrierung nicht abschließen. Was muss ich tun?,"Wenn Ihnen der Button „App einrichten“ in der App nicht angeboten wird, so ist sie offensichtlich noch mit einer ID Austria verknüpft. Dies lässt sich auch daran erkennen, dass eine Navigationsleiste mit Ihrem „Konto“ angezeigt wird. Um mit der Registrierung fortzufahren, müssen Sie sich aus der App abmelden. Danach ist der Button „App einrichten“ wieder verfügbar. Hinweis: Bei einer neuen ID Austria Registrierung bei einer Behörde werden Ihre bestehenden ID Austria Konten widerrufen und sind damit nicht mehr nutzbar. Wenn Sie prüfen möchten, mit welchem gegebenenfalls widerrufenen ID Austria Konto die App derzeit verknüpft ist, klicken Sie auf Ihr „Konto“ in der Navigationsleiste.",https://www.id-austria.gv.at/de/hilfe/hilfe-zu-ida/probleme-bei-registrierung,hilfe-zu-ida,2026-02-25,True
"An wen kann ich mich wenden, wenn ich Probleme bei der Registrierung habe?","ID Austria Registrierung fertigstellen: Wenn Sie die Registrierung Ihrer ID Austria nicht unmittelbar bei der Behörde fertigstellen, erhalten Sie einen ID Austria-Ausdruck, auf dem Sie alle Informationen zur Fertigstellung finden. ( Sie haben Ihren Ausdruck verloren? ). Für folgende Registrierungarten sind Anleitungen zum Fertigstellen der Registrierung verfügbar: ID Austria Registrierung mit SMS-TAN ID Austria Registrierung mit Post- TAN per RS a-Brief Brauchen Sie weitere Unterstützung? Bitte kontaktieren Sie das Service Center.",https://www.id-austria.gv.at/de/hilfe/hilfe-zu-ida/probleme-bei-registrierung,hilfe-zu-ida,2026-02-25,True
Brauche ich ein Passfoto für die ID Austria Registrierung?,"Ein aktuelles Passfoto (nicht älter als 6 Monate) ist für die Registrierung nicht erforderlich, wenn Sie: einen österreichischen Reisepass besitzen (nicht länger als 6 Jahre abgelaufen) oder einen österreichischen Personalausweis besitzen (nicht länger als 1 Jahr abgelaufen) oder auch ein Lichtbild für Ihre e-card bei einer Erfassungsstelle abgegeben haben.",https://www.id-austria.gv.at/de/hilfe/hilfe-zu-ida/registrierung,hilfe-zu-ida,2025-06-18,True
Warum sollte ich meine Telefonnummer bei der Registrierung bekannt geben?,"Die Mobiltelefonnummer ist zur Wiederherstellung des ID Austria Zugangs notwendig, wenn der Zugriff auf die App „ID Austria“ oder einen anderen verknüpften Authentifizierungsfaktor nicht mehr möglich ist. Dafür steht Ihnen die Funktion „Gerät verloren, jedoch weiterer Authentifizierungsfaktor vorhanden“ zur Verfügung. Wenn Sie hingegen Ihr Smartphone verlieren, ohne eine Mobiltelefonnummer hinterlegt zu haben und auch keinen anderen Authentifizierungsfaktor verknüpft haben, haben Sie keinen Zugriff mehr auf Ihre ID Austria und müssen bei einer Behörde eine neue ID Austria beantragen. Daher ist es empfehlenswert eine Mobiltelefonnummer zu hinterlegen",https://www.id-austria.gv.at/de/hilfe/hilfe-zu-ida/registrierung,hilfe-zu-ida,2025-06-18,True
Kann ich die ID Austria Registrierung auch mit einem Tablet statt einem Smartphone durchführen?,"Ja, sofern die restlichen allgemeinen Voraussetzungen erfüllt sind, kann auch ein Tablet anstelle eines Smartphones verwendet werden. Zusätzlich empfehlen wir, eine Mobiltelefonnummer zu hinterlegen, da diese zur Wiederherstellung des ID Austria Zugangs notwendig ist.",https://www.id-austria.gv.at/de/hilfe/hilfe-zu-ida/registrierung,hilfe-zu-ida,2025-06-18,True
Ich habe einen ID Austria-Ausdruck erhalten. Was muss ich tun?,"Auf diesem Ausdruck finden Sie weiterführende Informationen, damit Sie Ihre ID Austria Registrierung fertigstellen können. Dazu benötigen Sie zusätzlich zu Ihrem Mobiltelefon aus Sicherheitsgründen ein internetfähiges Zweitgerät ( z.B. einen Laptop). Folgen Sie der Anleitung auf dem Ausdruck, um die Registrierung erfolgreich abzuschließen. Brauchen Sie weitere Unterstützung? Bitte kontaktieren Sie das Service Center.",https://www.id-austria.gv.at/de/hilfe/hilfe-zu-ida/registrierung,hilfe-zu-ida,2025-06-18,True
Wann hilft mir diese Anleitung?,"Sie waren auf einer Registrierungsbehörde zur ID Austria Registrierung mit SMS-TAN. Dort wurde die Identitätsfeststellung durchgeführt. Es wurde Ihnen eine SMS-TAN gesendet, die Sie der Behördenmitarbeiterin oder dem Behördenmitarbeiter mitgeteilt haben. Sie haben einen Ausdruck bekommen mit Titel „Anleitung zur Fertigstellung Ihrer ID Austria Registrierung mit SMS-TAN“. Sie wollen nun den Registrierungsprozess zuhause abschließen und Ihr Smartphone als 2. Authentifizierungsfaktor nutzen. Diese Anleitung können Sie auch als PDF-Dokument herunterladen: PDF-Anleitung „Fertigstellung der Registrierung Ihrer ID Austria“ herunterladen (PDF, 812 KB)",https://www.id-austria.gv.at/de/hilfe/hilfe-zu-ida/registrierung-fertigstellen,hilfe-zu-ida,2026-03-09,False
Wie funktioniert der Ablauf der Fertigstellung?,"Schritt 1-Eingeben von Kontaktinformation, Benutzerdaten etc. im Web-Browser (auf einem Zweitgerät Laptop oder Desktop) Rufen Sie mit einem Zweitgerät ( z.B. Laptop) die Website a-trust.at/id-austria-registrierung auf und folgen Sie dort den Anleitungen. Melden Sie sich mit dem Freischaltcode und Widerrufs-Passwort (zu finden auf dem ID Austria-Ausdruck) an. Geben Sie Ihre Kontaktdaten bekannt und wählen Sie Benutzernamen und Signatur-Passwort für Ihre ID Austria. Bestimmen Sie Ihr persönliches Widerrufs-Passwort. Lesen und akzeptieren Sie die erforderlichen Zustimmungen (Signaturvertrag, Unterrichtung, AGB und Datenschutzmitteilung). Sie erhalten per SMS eine TAN auf Ihr Mobiltelefon. Geben Sie auf dem Zweitgerät diese SMS-TAN zur Überprüfung ein. Schritt 2: Auswahl von 2. Authentifizierungsfaktor im Web-Browser (auf einem Zweitgerät Laptop oder Desktop) Wählen Sie Option 1 — App „ID Austria“ als Authentifizierungsfaktor für die Registrierung, bzw. für die fortlaufende Nutzung der ID Austria. Laden Sie die App „ID Austria“ auf Ihr Smartphone, z.B. über das Scannen des QR-Codes, oder direkt im App Store. Klicken Sie danach auf weiter, um zur nächsten Seite zu gelangen. Schritt 3: App „ID Austria” starten, Verknüpfung starten und QR-Code scannen Starten Sie die App und gehen Sie durch die Nutzungsbedingungen und Informations-Schirme. Öffnen Sie die App und drücken Sie auf den Menüpunkt „App einrichten“. Wählen Sie aus, wie Sie Ihre App schützen wollen. Sie können entweder Fingerabdruck bzw. Gesichts-/Iriserkennung und Gerätepasswort zulassen oder auch nur eines davon. Klicken Sie danach auf „Weiter zum Konto verknüpfen“ und wählen Sie „ID Austria verknüpfen“. Im Web Browser werden die Schritte zum „App verknüpfen“ angezeigt. Zum Starten der Verknüpfung bestätigen Sie Ihre Identität mittels Fingerabdruck, Gesichts-/Iriserkennung oder Ihrem Gerätepasswort. Drücken Sie am Smartphone auf „QR-Code scannen“ und richten sie Ihre Kamera auf den Bildschirm, der im Web-Browser den QR-Code anzeigt (siehe Schritt 11). Zum Fortsetzen der Verknüpfung bestätigen Sie Ihre Identität mittels Fingerabdruck, Gesichts-/Iriserkennung oder Ihrem Gerätepasswort.",https://www.id-austria.gv.at/de/hilfe/hilfe-zu-ida/registrierung-fertigstellen,hilfe-zu-ida,2026-03-09,True
Wann hilft mir diese Anleitung?,Wenn Sie Ihr ID Austria Signatur-Passwort vergessen haben und ein neues bestimmen wollen.,https://www.id-austria.gv.at/de/hilfe/hilfe-zu-ida/signatur-passwort-zuruecksetzen,hilfe-zu-ida,2026-04-29,False
Welcher dieser Umstände trifft auf Sie zu?,"Nutzen Sie die App „ID Austria“ und sind aktuell angemeldet? Ja, meine App ist momentan verknüpft. Benutzen Sie die App für das Zurücksetzen Ihres Signatur-Passworts. Nein, meine App ist nicht verknüpft bzw. nicht in Betrieb. Alternative Methoden für das Zurücksetzen Ihres Signatur-Passworts.",https://www.id-austria.gv.at/de/hilfe/hilfe-zu-ida/signatur-passwort-zuruecksetzen,hilfe-zu-ida,2026-04-29,True
Passwort zurücksetzen – in der verknüpften App „ID Austria“,Voraussetzungen Hauptwohnsitz in Österreich Registrierung zur elektronischen Zustellung,https://www.id-austria.gv.at/de/hilfe/hilfe-zu-ida/signatur-passwort-zuruecksetzen,hilfe-zu-ida,2026-04-29,False
"Alternative Möglichkeiten, Ihr Signatur-Passwort zurückzusetzen","Behördenweg Die Registrierungsbehörde selbst kann das Signatur-Passwort nicht zurücksetzen, aber Sie dabei unterstützen, wieder Zugang zu Ihrer ID Austria zu erhalten. Denken Sie daran, einen amtlichen Lichtbildausweis mitzunehmen. Hier finden Sie eine Auflistung der ID Austria Registrierungsbehörden. Postweg Wenn Sie Ihren Benutzernamen kennen und die Möglichkeit zum Empfang einer SMS-TAN auf Ihre hinterlegte Mobiltelefonnummer oder einen zweiten Authentifizierungsfaktor (z.B. FIDO-Sicherheitsschlüssel) haben, können Sie das Zurücksetzen im Web-Browser starten und erhalten das Einmal-Passwort postalisch als RS a-Brief an Ihren Hauptwohnsitz in Österreich zugestellt.",https://www.id-austria.gv.at/de/hilfe/hilfe-zu-ida/signatur-passwort-zuruecksetzen,hilfe-zu-ida,2026-04-29,False
Wann hilft mir diese Anleitung?,"Wenn Sie Ihr ID Austria Signatur-Passwort zurücksetzen wollen, und Ihre App „ID Austria“ keine aktive Verknüpfung hat.",https://www.id-austria.gv.at/de/hilfe/hilfe-zu-ida/signatur-passwort-zuruecksetzen-postweg,hilfe-zu-ida,2026-04-29,False
Voraussetzungen für das Zurücksetzen Ihres Passworts auf dem Postweg:,"Sie kennen Ihren Benutzernamen und haben die Möglichkeit zum Empfang einer SMS-TAN auf Ihre hinterlegte Mobiltelefonnummer oder einen anderen zweiten Authentifizierungsfaktor (z.B. FIDO-Sicherheitsschlüssel, Signaturkarte oder aktive Verknüpfung in der App „A-Trust Signatur“) und haben Ihren Hauptwohnsitz in Österreich.",https://www.id-austria.gv.at/de/hilfe/hilfe-zu-ida/signatur-passwort-zuruecksetzen-postweg,hilfe-zu-ida,2026-04-29,False
Wie funktioniert der Ablauf:,"Um Ihr Signatur-Passwort zurücksetzen zu können, erhalten Sie ein Einmal-Passwort per RS a-Brief auf dem Postweg. Damit können Sie ein neues Passwort bestimmen. Ein postalisch zugestellter RS a-Brief muss persönlich übernommen werden. Sollte dies nicht möglich sein, wird dieser zur persönlichen Übernahme zwei Wochen beim Postamt hinterlegt. Teil 1: Einmal-Passwort anfordern Rufen Sie im Web-Browser die Funktion Signatur-Passwort mittels Postweg zurücksetzen auf und folgen Sie der Anleitung. Geben Sie Ihren Benutzernamen ein. Geben Sie Ihren Vornamen, Familiennamen und Geburtsdatum ein. Bestätigen Sie den Vorgang mittels „SMS-TAN“ auf Ihre hinterlegte Mobiltelefonnummer oder durch Ihren zweiten Authentifizierungsfaktor. Die Postzustellung des Einmal-Passwort als RS a-Brief wurde erfolgreich beantragt. Falls Sie bei der Registrierung eine E-Mail-Adresse als Kontaktinformation angegeben haben, erhalten Sie dorthin eine Bestätigung mit dem Titel „ID Austria-Passwort Rücksetzung beantragt“. Teil 2: Zustellung des Einmal-Passworts per Post Das Einmal-Passwort wird Ihnen per Post als RS a-Brief zugestellt. Hinweis: Dies ist auch dann der Fall, wenn Sie für die Elektronische Zustellung registriert sind. Teil 3: Neues Signatur-Passwort bestimmen Nach Erhalt des RS a-Briefs rufen Sie im Web-Browser erneut die Funktion Signatur-Passwort mittels Postweg zurücksetzen auf und authentifizieren Sie sich wie in Teil 1. Danach folgen Sie der Anleitung. Geben Sie das Einmal-Passwort aus dem RS a-Brief ein. Bestimmen Sie danach Ihr neues Signatur-Passwort. Ihr neues Signatur-Passwort wurde erfolgreich gespeichert. Falls Sie bei der Registrierung eine E-Mail-Adresse als Kontaktinformation angegeben haben, erhalten Sie dorthin eine Bestätigung mit dem Titel „ID Austria-Passwort Rücksetzung zurückgesetzt“.",https://www.id-austria.gv.at/de/hilfe/hilfe-zu-ida/signatur-passwort-zuruecksetzen-postweg,hilfe-zu-ida,2026-04-29,False
Was sind die Alternativen?,"Wenn Sie keine Möglichkeit zum Empfang einer SMS-TAN“ auf Ihre hinterlegte Mobiltelefonnummer haben, keinen 2. Authentifizierungsfaktor (z.B. FIDO-Sicherheitsschlüssel, Signaturkarte oder aktive Verknüpfung in der App „A-Trust Signatur“) haben und auch Ihre App „ID Austria“ nicht verknüpft ist, kann das Signatur-Passwort nicht zurückgesetzt werden. In dem Fall müssen Sie eine neue ID Austria registrieren.",https://www.id-austria.gv.at/de/hilfe/hilfe-zu-ida/signatur-passwort-zuruecksetzen-postweg,hilfe-zu-ida,2026-04-29,True
"Ich habe keine österreichische Staatsbürgerschaft, arbeite aber in Österreich. Kann ich eine ID Austria beantragen?","Die ID Austria Registrierung von Personen ohne österreichische Staatsbürgerschaft erfolgt bei den Landespolizeidirektionen oder Finanzämtern, sofern ein ausreichender Bezug zum Inland gegeben und das 14. Lebensjahr vollendet ist. Der Inlandsbezug kann sich insbesondere durch ein Beschäftigungsverhältnis oder eine Geschäftstätigkeit im Inland ergeben. Bitte bringen Sie zu Ihrem Termin bei der Registrierungsbehörde ein aktuelles Passfoto und Ihren Reisepass bzw. Personalausweis (ID Karte) mit sowie ein Dokument zur Glaubhaftmachung des Inlandsbezugs ( z.B. Meldebestätigung, Studierendenausweis, Bestätigung vom Arbeitgeber, Dienstausweis einer Firma in Österreich oder Ähnliches). Falls Sie bereits ein Lichtbild für Ihre e-card bei einer Erfassungsstelle beigebracht haben, ist kein aktuelles Passfoto erforderlich.",https://www.id-austria.gv.at/de/hilfe/hilfe-zu-ida/unterschiede-in-der-beantragung-einer-id-austria,hilfe-zu-ida,2026-05-19,True
"Kann ich meine/n Ehepartnerin/Ehepartner oder eine/n Dritte/n bevollmächtigen, dass sie/er für mich die ID Austria beantragt?","Nein. Es ist eine persönliche Identitätsfeststellung bei der Registrierung der ID Austria durch eine Behörde erforderlich. Falls Sie nicht persönlich zur Behörde gehen können, aber eine Handy-Signatur haben, können Sie Ihre Handy-Signatur online auf eine ID Austria umstellen.",https://www.id-austria.gv.at/de/hilfe/hilfe-zu-ida/unterschiede-in-der-beantragung-einer-id-austria,hilfe-zu-ida,2026-05-19,True
Kann eine Auslandsösterreicherin oder ein Auslandsösterreicher eine ID Austria bekommen?,"Ja, dazu ist ein persönliches Erscheinen bei einer österreichischen Vertretungsbehörde oder bei einer Registrierungsbehörde in Österreich erforderlich. Wenn Sie bereits eine Handy-Signatur besitzen, können Sie diese online auf die ID Austria umstellen. Brauchen Sie weitere Unterstützung? Bitte kontaktieren Sie das Service Center.",https://www.id-austria.gv.at/de/hilfe/hilfe-zu-ida/unterschiede-in-der-beantragung-einer-id-austria,hilfe-zu-ida,2026-05-19,True
Ich habe mein Handy verloren bzw. es wurde gestohlen. Was ist zu tun?,"Das bestehende Smartphone muss für die ID Austria umgehend deaktiviert werden, um Identitätsdiebstahl zu verhindern. Wenden Sie sich dazu an den Widerrufsdienst Ihres qualifizierten Vertrauensdiensteanbieters. Danach haben Sie keine ID Austria mehr. Sie müssen sich erneut bei einer Registrierungsbehörde registrieren. Ein Online-Prozess zum Sperren der ID Austria ist aktuell in Arbeit. Brauchen Sie weitere Unterstützung? Bitte kontaktieren Sie das Service Center.",https://www.id-austria.gv.at/de/hilfe/hilfe-zu-ida/verlust,hilfe-zu-ida,2026-06-09,True
Wann hilft mir diese Anleitung?,"Wenn Sie sich zum ID Austria Vollmachtenservice informieren, oder eine Vollmacht erteilen wollen.",https://www.id-austria.gv.at/de/hilfe/hilfe-zu-ida/vollmachten-mit-id-austria-erteilen-und-verwalten,hilfe-zu-ida,2025-12-03,False
Welche Voraussetzungen gibt es für die Nutzung der Vollmachten?,"Für die Nutzung der Vollmachten ist jeweils eine Anmeldung mittels ID Austria bzw. eID eines anderen EU-Mitgliedstaates erforderlich Falls die Vollmacht nicht eingerichtet werden kann, ist der Grund dafür eventuell, dass die andere Person (Vollmacht-Empfänger) noch nicht in den notwendigen Registern (ZMR, Ergänzungsregister) eingetragen ist. In diesem Fall bitten Sie die Person, eine Anmeldung mittels ID Austria bzw. eID vorzunehmen, zum Beispiel auf oesterreich.gv.at.",https://www.id-austria.gv.at/de/hilfe/hilfe-zu-ida/vollmachten-mit-id-austria-erteilen-und-verwalten,hilfe-zu-ida,2025-12-03,True
Welche Arten von Vollmachten gibt es?,"Allgemeine Vollmacht: Vollmacht für alle ID Austria-tauglichen Anwendungen mit Ausnahme der elektronischen Zustellung. Darüber hinaus können Vollmachten für bestimmte Bereiche und Anwendungen eingerichtet werden: AMA (Agrarmarkt Austria) Vollmacht für alle ID Austria-tauglichen Anwendungen am Portal der AMA. ELGA Vollmacht Berechtigt zur Vertretung bei ELGA-Services. Justiz: Elektronische Akteneinsicht Die bevollmächtigte Person ist berechtigt, elektronisch Einsicht in Akten der Justiz zu nehmen. Justiz: ID Austria-taugliche Anwendungen Die bevollmächtigte Person ist berechtigt, bei ID Austria-tauglichen Anwendungen der Justiz zu vertreten. Justiz: Elektronische Übermittlung von Eingaben Die bevollmächtigte Person ist berechtigt, elektronisch Eingaben an die Justiz zu übermitteln. Postvollmacht für die elektronische Zustellung Berechtigt zum Empfang von Zustellstücken der elektronischen Zustellung. Sozialversicherung: Einlösevollmacht Vollmacht für die Einlösung von Verschreibungen (Rezepten, Verordnungen) bei den Bezugsquellen (Apotheken, Bandagisten etc) in den Anwendungen der Sozialversicherung. Sozialversicherung: ID Austria-taugliche Anwendungen Die bevollmächtigte Person ist berechtigt, bei ID Austria-tauglichen Anwendungen der österreichischen Sozialversicherung zu vertreten.",https://www.id-austria.gv.at/de/hilfe/hilfe-zu-ida/vollmachten-mit-id-austria-erteilen-und-verwalten,hilfe-zu-ida,2025-12-03,True
Wo kann man Vollmachten erteilen bzw. verwalten?,"Diese Funktionen finden Sie unter Meine Vollmachten. Sie können aber auch über die Webseite oder die App dorthin navigieren: Öffnen der Seite „ID Austria verwalten“: Im Web-Browser: Öffnen Sie den Verwaltungsbereich ID Austria verwalten. In der App „ID Austria“: Klicken Sie auf den Menüpunkt „Konto“, danach auf den Link „ID Austria verwalten“. Öffnen der Funktion „Meine Vollmachten“ Schritt 1: Auf der Seite „ID Austria verwalten” angekommen, klicken Sie auf den Bereich „Datenschutz, Daten und Nutzung einsehen, Vollmachten verwalten“. Schritt 2: Am Seitenende, in der Sektion „Ich will meine Vollmachten einsehen/verwalten“, klicken Sie auf den Button „Vollmachten einsehen“.",https://www.id-austria.gv.at/de/hilfe/hilfe-zu-ida/vollmachten-mit-id-austria-erteilen-und-verwalten,hilfe-zu-ida,2025-12-03,True
Wie funktioniert der Ablauf einer Vollmacht-Erteilung?,"Voraussetzung: Sowohl die Vollmachtgeberin oder der Vollmachtgeber als auch die Vollmachtnehmerin oder der Vollmachtnehmer benötigen eine ID Austria bzw. eID eines anderen EU-Mitgliedstaates. Ablauf: Rufen Sie die Funktion Meine Vollmachten auf und folgen Sie diesen Schritten: Schritt 1: Funktion „Neue Vollmacht erteilen“ aufrufen Seite „Meine Vollmachten“ Schritt 2: Zu bevollmächtigende Person suchen Seite: „Einstieg"" Schritt 3.1: Art der Vollmacht auswählen Seite: „Art der Vollmacht auswählen"" Schritt 3.2: Kontaktdaten der zu bevollmächtigenden Person angeben Seite „Kontaktdaten der zu bevollmächtigenden Person angeben“ Schritt 4: Kontrolle der Richtigkeit der Angaben Seite „Kontrolle der Richtigkeit der Angaben“ Schritt 5: Bestätigung über Anmeldung mit ID Austria Seite „Anmeldung mit ID Austria“ Schritt 6: Erfolgsmeldung Seite „Erfolgsmeldung“ Übersicht der erteilten bilateralen Vollmachten Seite „Übersicht der erteilten bilateralen Vollmachten""",https://www.id-austria.gv.at/de/hilfe/hilfe-zu-ida/vollmachten-mit-id-austria-erteilen-und-verwalten,hilfe-zu-ida,2025-12-03,True
Welche Services können mittels der Vollmacht benutzt werden?,"ELGA (Vertretung bei ELGA Services) JustizOnline (Elektronische Akteneinsicht, Elektronische Übermittlung von Eingaben) Sozialversicherung (Vollmacht für die Einlösung von Verschreibungen) Postvollmacht (Empfang von Zustellstücken der elektronischen Zustellung) Agrarmarkt Austria (AMA) Weitere Details zu allen aktuell verfügbaren Services finden Sie in der Anleitung Vollmachten mit ID Austria erteilen und verwalten.",https://www.id-austria.gv.at/de/hilfe/hilfe-zu-ida/vollmachtenservice,hilfe-zu-ida,2025-09-30,True
Welche Voraussetzungen bestehen für das Erteilen bzw. Erhalten einer Vollmacht?,"Beide Personen – jene, die eine Vollmacht erteilen will, und auch jene, die eine Vollmacht nützen können soll-müssen über eine ID Austria bzw. eID eines anderen EU-Mitgliedstaates verfügen. Zum Erteilen einer Vollmacht brauchen Sie den Namen und das Geburtsdatum der betreffenden Person.",https://www.id-austria.gv.at/de/hilfe/hilfe-zu-ida/vollmachtenservice,hilfe-zu-ida,2025-09-30,True
Wo kann ich das Vollmachtenservice aufrufen?,Verwenden Sie dafür die Funktion Meine Vollmachten im Bereich „Meine ID Austria“. Dieses Service ist auch im Bereich der Verwaltungsfunktionen ID Austria verwalten auffindbar.,https://www.id-austria.gv.at/de/hilfe/hilfe-zu-ida/vollmachtenservice,hilfe-zu-ida,2025-09-30,True
Wie kann ich Vollmachten erteilen?,Zum Erteilen von Vollmachten nutzen Sie die Anleitung Vollmachten mit ID Austria erteilen und verwalten.,https://www.id-austria.gv.at/de/hilfe/hilfe-zu-ida/vollmachtenservice,hilfe-zu-ida,2025-09-30,True
Wie kann ich eine Vollmacht widerrufen?,"Klicken Sie auf die Vollmacht, die Sie widerrufen möchten, und anschließend auf den Button „Vollmacht widerrufen“. Die Vollmacht wird daraufhin mit sofortiger Wirkung widerrufen.",https://www.id-austria.gv.at/de/hilfe/hilfe-zu-ida/vollmachtenservice,hilfe-zu-ida,2025-09-30,True
Wie kann ich eine Vollmacht nutzen?,"Wenn ein Service bzw. ein Service Provider die Vertretung erlaubt, erscheint in der Anmeldemaske die Option „Person vertreten“. Klicken Sie auf „Person vertreten“ und melden Sie sich mit Ihrer eigenen ID Austria bzw. eID eines anderen EU-Mitgliedstaates an. Es werden Ihnen jene Personen angezeigt, für die eine Vertretung möglich ist.",https://www.id-austria.gv.at/de/hilfe/hilfe-zu-ida/vollmachtenservice,hilfe-zu-ida,2025-09-30,True
Wie kann ich mich aus der App abmelden?,"Es ist grundsätzlich nicht nötig, sich aus der App abzumelden. Sie dient als zweiter Authentifizierungsfaktor zur Bestätigung von Anmeldungen und Signaturen bei zahlreichen Services, ähnlich wie andere Authentifizierungs- Apps. Jede Bestätigung ist durch eine zusätzliche Abfrage von Fingerabdruck bzw. Gesichtserkennung/Iriserkennung und/oder Gerätepasswort geschützt. Zusätzlich müssen Sie in regelmäßigen Abständen Ihr Signatur-Passwort eingeben, um die App in vollem Umfang nutzen zu können. Möchten Sie sich dennoch abmelden, rufen Sie unter „Konto“ in der Navigationsleiste den Punkt „Einstellungen“ auf und wählen Sie dort „Abmelden“. Bitte beachten Sie, dass zur erneuten Verknüpfung der App aus Sicherheitsgründen ein Zweitgerät erforderlich ist. Wenn Sie keine Mobiltelefonnummer bei Ihrer ID Austria hinterlegt und auch keine weiteren Authentifizierungsfaktoren verknüpft haben ( z.B. FIDO-Sicherheitsschlüssel, Signaturkarte), ist nach der Abmeldung eine neuerliche Registrierung einer ID Austria erforderlich. Hinterlegen Sie daher vor der Abmeldung eine Mobiltelefonnummer unter Mobiltelefonnummer hinterlegen.",https://www.id-austria.gv.at/de/hilfe/hilfe-zur-app-ida/abmeldung,hilfe-zur-app-ida,2025-06-17,True
Warum kommt beim Abmelden der Hinweis „Keine Mobiltelefonnummer hinterlegt“?,"Sie sehen diesen Dialog, weil Sie zu Ihrer ID Austria keine Mobiltelefonnummer hinterlegt haben. Falls dieses Gerät Ihr letzter verknüpfter Authentifizierungsfaktor ist, verlieren Sie durch die Abmeldung Zugriff auf Ihre ID Austria. Zur weiteren Nutzung müssen Sie dann eine neue ID Austria bei der Behörde registrieren. Hinterlegen Sie daher vor der Abmeldung eine Mobiltelefonnummer unter Mobiltelefonnummer hinterlegen. Brauchen Sie weitere Unterstützung? Bitte kontaktieren Sie das Service Center.",https://www.id-austria.gv.at/de/hilfe/hilfe-zur-app-ida/abmeldung,hilfe-zur-app-ida,2025-06-17,True
Schritt-für-Schritt Anleitung,"Anleitung als Video Transkription des Videos „ID Austria mit der App ‚ID Austria‘ verknüpfen“ Starten Sie den Verknüpfungsprozess in der App „ID Austria“ auf Ihrem Smartphone: Falls Sie die aktuellste Version der App „ID Austria“ noch nicht auf Ihrem Smartphone installiert haben, dann tun Sie dies bitte jetzt. Öffnen Sie die App und klicken Sie auf „App einrichten“. Das Einrichten der App passiert in 2 Schritten. Zuerst wählen Sie aus, wie Sie Ihre App schützen möchten ( Punkt 4 ). Danach verknüpfen Sie Ihre ID Austria mit der App ( Punkt 4 ). Klicken Sie auf „Weiter“. Wählen Sie aus, wie Sie Ihre App schützen wollen. Sie können entweder Fingerabdruck bzw. Gesichts-/Iriserkennung und Gerätepasswort zulassen oder auch nur eines davon. Hinweis: Das Gerätepasswort ist der iPhone-Code bzw. PIN oder Passwort zum Entsperren Ihres Smartphones. Klicken Sie danach auf „Weiter zum Konto Verknüpfen“. Sie können nun Ihre ID Austria – oder Ihre elektronische Identität ( eID ) eines anderen EU-Mitgliedstaates – mit der App verknüpfen. Klicken Sie dazu auf „ID Austria verknüpfen“. Zum Starten der Verknüpfung bestätigen Sie Ihre Identität mittels Fingerabdruck, Gesichts-/Iriserkennung oder Ihrem Gerätepasswort. Bitte halten Sie ein Zweitgerät (z.B. Laptop) bereit: Öffnen Sie auf Ihrem Zweitgerät die Webseite ida.gv.at/app. Melden Sie sich mit Ihrem Benutzernamen (im Falle einer umgestellten Handy-Signatur Ihrer Mobiltelefonnummer) und Ihrem Signatur-Passwort durch Klicken auf „Identifizieren“ an. Sie erhalten in Kürze eine TAN per SMS auf Ihrem Smartphone. Geben Sie diese sechsstellige TAN auf Ihrem Zweitgerät ein und klicken Sie auf „Signieren“. Ab nun geht es wieder in der App „ID Austria“ auf Ihrem Smartphone weiter: In der App klicken Sie auf auf „QR-Code scannen“. Zum Fortsetzen der Verknüpfung bestätigen Sie Ihre Identität mittels Fingerabdruck, Gesichts-/Iriserkennung oder Ihrem Gerätepasswort. Erlauben Sie der App den Zugriff auf die Kamera und scannen Sie den QR-Code, der Ihnen auf dem Zweitgerät auf der Website im Schritt „App verknüpfen“ gezeigt wird. Alternativ können Sie auch einen Einmalcode anzeigen. Geben Sie Ihr Signatur-Passwort ein und klicken auf „Weiter“. Unterschreiben Sie die Signatur-Anfrage, indem Sie auf „Unterschreiben und abschicken“ klicken und Ihre Identität mittels Fingerabdruck, Gesichts-/Iriserkennung oder Ihrem Gerätepasswort bestätigen. Ihre ID Austria ist nun mit der App „ID Austria“ verknüpft. Erlauben Sie abschließend der App, Ihnen Mitteilungen zu senden, um über offene Signaturen oder wichtige Hinweise informiert zu werden. Herzlichen Glückwunsch, Sie haben Ihre ID Austria erfolgreich mit der App „ID Austria“ verknüpft. Ab sofort können Sie Ihre Amtswege rund um die Uhr digital erledigen.",https://www.id-austria.gv.at/de/hilfe/hilfe-zur-app-ida/app-verknuepfen,hilfe-zur-app-ida,2026-04-21,False
Weitere Informationen auf id-austria.gv.at,"Hilfe zur Verknüpfung Hilfe rund um das Smartphone: Welche Smartphones, Betriebssysteme und Entsperrmethoden werden unterstützt? Hilfe zum QR-Code: Wo finde ich den? Wie scanne ich ihn? Kann ich mich ohne QR-Code anmelden? Hilfe bei Problemen bei der Anmeldung mit ID Austria Häufige Fragen Letzte Aktualisierung: 17.05.2025 Für den Inhalt verantwortlich: Bundeskanzleramt",https://www.id-austria.gv.at/de/hilfe/hilfe-zur-app-ida/app-verknuepfen,hilfe-zur-app-ida,2026-04-21,False
Wann hilft mir diese Anleitung?,"Wenn Sie im Web-Browser ein Online Service nutzen und aufgefordert wurden, dieses mit Ihrer Signatur zu bestätigen. Wo finde ich die offenen Signaturen in der App „ID Austria“? Wie aktiviere ich Benachrichtigungen für offene Signaturen?",https://www.id-austria.gv.at/de/hilfe/hilfe-zur-app-ida/aufrufen-offener-signaturen-in-der-app-id-austria,hilfe-zur-app-ida,2025-06-18,False
Wo finde ich die offenen Signaturen in der App „ID Austria“?,So können Sie die „Offenen Signaturen” finden: Öffnen Sie die App „ID Austria“. Klicken Sie in „Home“ auf „Offene Signaturen abfragen“. Bildschirm-Ablauf für „Offene Signaturen aufrufen“ in der App,https://www.id-austria.gv.at/de/hilfe/hilfe-zur-app-ida/aufrufen-offener-signaturen-in-der-app-id-austria,hilfe-zur-app-ida,2025-06-18,True
Wie aktiviere ich Benachrichtigungen für offene Signaturen?,"Sie können Push-Benachrichtigungen auf Ihrem Smartphone erhalten, wenn eine offene Signatur bereit steht. Dazu ist es notwendig, eine Berechtigung in den „Einstellungen“ Ihres Smartphones zu erteilen. Was kann ich tun, wenn ich keine Push-Nachrichten bekomme, obwohl sie aktiviert sind? Falls die Push-Benachrichtigungen trotz Berechtigung nicht funktionieren, hilft es die App „ID Austria“ zu deinstallieren, wiederum zu installieren und erneut zu verknüpfen (für die Anmeldung ist ein Zweitgerät notwendig). Anleitungen zum Aktivieren für Push-Benachrichtigungen: Für iOS: Mitteilungen für eine bestimmte App auf dem iPhone ein- oder ausschalten Für Android: Benachrichtigungen unter Android verwalten",https://www.id-austria.gv.at/de/hilfe/hilfe-zur-app-ida/aufrufen-offener-signaturen-in-der-app-id-austria,hilfe-zur-app-ida,2025-06-18,True
Wie wird die Sicherheit meiner Daten gewährleistet?,"Datenschutz und Datensicherheit werden von der öffentlichen Verwaltung sehr ernst genommen. Zur Erledigung von Anbringen auf elektronischem Weg ist die elektronische Signatur vorgesehen. Auf dem Server Ihres Zertifizierungsanbieters sind Vorname, Familienname, Geburtsdatum und Stammzahl abgelegt. Die Stammzahl ist eine Ableitung aus der ZMR-Zahl (das ist die Zahl des Zentralen Melderegisters, in das Bürgerinnen/Bürger mit ordentlichem Wohnsitz in Österreich eingetragen sind). Von der Stammzahl darf aus datenschutzrechtlichen Gründen nicht mehr auf die ZMR-Zahl geschlossen werden können. Sie ist Ausgangsbasis für die Errechnung weiterer den Datenschutz gewährleistenden Kennzahlen, die nach Verwaltungsbereichen getrennt sind, nämlich den bereichsspezifischen Personenkennzeichen (bPK). Aufgrund dieses Systems der verschiedenen Kennungen ist der Datenschutz für Bürgerinnen und Bürger gewährleistet. Näheres dazu lesen Sie unter Stammzahlenregisterbehörde und bereichspezifische Personenkennzeichen (bPK).",https://www.id-austria.gv.at/de/hilfe/hilfe-zur-app-ida/datenschutz,hilfe-zur-app-ida,2025-06-13,True
Was bedeuten die Datenschutzeinstellungen Teilnehmerverzeichnis (TNVZ)?,Die Datenschutzeinstellungen TNVZ stehen im Zusammenhang mit der Feststellung der Nutzung der eZustellung. Ihre Zustimmung ermöglicht der App ein verbessertes Kommunikationsverhalten. Brauchen Sie weitere Unterstützung? Bitte kontaktieren Sie das Service Center.,https://www.id-austria.gv.at/de/hilfe/hilfe-zur-app-ida/datenschutz,hilfe-zur-app-ida,2025-06-13,True
Warum muss die App „ID Austria“ geschützt werden?,"Um sicherzustellen, dass niemand in Ihrem Namen digitale Amtsservices oder Signaturvorgänge durchführen kann.",https://www.id-austria.gv.at/de/hilfe/hilfe-zur-app-ida/entsperrmethoden-als-schutz-der-app,hilfe-zur-app-ida,2025-07-16,True
Wieso ist für die Sicherheit der App „ID Austria“ die Nutzung von Fingerabdruck bzw. Gesichtserkennung/Iriserkennung oder Gerätepasswort erforderlich?,"Die App dient dazu, digitale Amtswege und Signaturvorgänge durchzuführen. Um sicherzustellen, dass dies niemand in Ihrem Namen tun kann, unterliegt die App strengen Sicherheitsanforderungen und wird zusätzlich zum Signatur-Passwort Ihrer ID Austria auch durch die Fingerabdruck-Funktion bzw. Gesichtserkennung/Iriserkennung und/oder Gerätepasswort geschützt.",https://www.id-austria.gv.at/de/hilfe/hilfe-zur-app-ida/entsperrmethoden-als-schutz-der-app,hilfe-zur-app-ida,2025-07-16,True
Kann ich anstatt des Gerätepassworts ein eigenes Passwort für die App wählen?,"Nein, dies ist nicht möglich. Um den höchsten Sicherheitsstandard zu gewährleisten, nutzen wir das Gerätepasswort des Betriebssystems, da es mit den besten Sicherheitsmaßnahmen abgesichert ist.",https://www.id-austria.gv.at/de/hilfe/hilfe-zur-app-ida/entsperrmethoden-als-schutz-der-app,hilfe-zur-app-ida,2025-07-16,True
Kennt die App mein Gerätepasswort oder meine biometrischen Daten?,"Nein, Ihre Daten liegen als verschlüsselte mathematische Darstellungen in einem gesicherten Bereich Ihres Geräts, auf den weder das Betriebssystem Ihres Geräts noch darauf installierte Programme ( Apps ) Zugriff haben. Wir verwenden nur vom Betriebssystem akzeptierte biometrische Verfahren für kryptographische Operationen. Bei der Verwendung einer Entsperrmethode werden die verschlüsselten Daten verglichen, aber nicht ausgelesen. Die Daten verlassen daher nie den gesicherten Bereich und können auch nicht extern gespeichert werden.",https://www.id-austria.gv.at/de/hilfe/hilfe-zur-app-ida/entsperrmethoden-als-schutz-der-app,hilfe-zur-app-ida,2025-07-16,True
"Wieso sollte ich beide Methoden, Biometrie und Gerätepasswort, einrichten?","Wenn Sie beide Methoden eingerichtet haben, können Sie das Gerätepasswort verwenden, falls die biometrische Authentifizierung aufgrund äußerer Umstände nicht funktioniert (Gesichtsschutz, schmutzige Finger etc. ). Außerdem erfordern Änderungen der Biometrie-Einstellungen ( z.B. Hinzufügen eines weiteren Fingers) keine erneute Verknüpfung der App.",https://www.id-austria.gv.at/de/hilfe/hilfe-zur-app-ida/entsperrmethoden-als-schutz-der-app,hilfe-zur-app-ida,2025-07-16,True
"Wie reagiert die App „ID Austria“, wenn ich Fingerabdruck oder Gesichtserkennung neu konfiguriere (z.B. einen zusätzlichen Finger für die Geräteentsperrung einstelle)?","Die Auswirkung einer Änderung Ihrer hinterlegten biometrischen Merkmale auf die App „ID Austria“ unterscheidet sich je nach Szenario: Szenario 1) Sie haben Biometrie und Gerätepasswort für die App eingerichtet: eine Änderung der biometrischen Einstellungen, also z.B. Hinzufügen eines zusätzlichen Fingers für die Geräteentsperrung, Entfernen des letzten Fingerabdrucks oder aber die komplett neue Einrichtung der biometrischen Erkennung hat keine Auswirkung auf die App und Sie können beide Entsperrmethoden in der App weiterhin nutzen. Szenario 2) Sie haben nur Biometrie für die App eingerichtet: eine Änderung der biometrischen Einstellungen, also z.B. Hinzufügen eines zusätzlichen Fingers für die Geräteentsperrung, Entfernen des letzten Fingerabdrucks oder aber die komplett neue Einrichtung der Biometrischen Erkennung erfordert das erneute Verknüpfen der App. Brauchen Sie weitere Unterstützung? Bitte kontaktieren Sie das Service Center.",https://www.id-austria.gv.at/de/hilfe/hilfe-zur-app-ida/entsperrmethoden-als-schutz-der-app,hilfe-zur-app-ida,2025-07-16,True
Wozu brauche ich die App „ID Austria“?,"Die App „ID Austria“ dient als zweiter Authentifizierungsfaktor für Ihre ID Austria. Die ID Austria ist der österreichische elektronische Identitätsnachweis. Damit können Sie sich modern, sicher und digital identifizieren und authentifizieren sowie digitale Amtsservices und Services der Privatwirtschaft jederzeit komfortabel online nutzen.",https://www.id-austria.gv.at/de/hilfe/hilfe-zur-app-ida/generelle-informationen-zur-app-id-austria,hilfe-zur-app-ida,2025-11-20,True
Wo kann ich die App „ID Austria“ herunterladen?,Laden Sie die App „ID Austria“ kostenlos im Apple App Store oder Google Play Store herunter. Apple App Store Google Play Store,https://www.id-austria.gv.at/de/hilfe/hilfe-zur-app-ida/generelle-informationen-zur-app-id-austria,hilfe-zur-app-ida,2025-11-20,True
Entstehen für mich Kosten bei der Nutzung der App „ID Austria“?,Die Nutzung der App „ID Austria“ sowie die Aktivierung der ID Austria sind für Bürgerinnen und Bürger vollkommen kostenlos. Für die Beantragung und Ausstellung von Dokumenten können Gebühren anfallen. Sie werden im konkreten Anlassfall rechtzeitig darüber informiert. Brauchen Sie weitere Unterstützung? Bitte kontaktieren Sie das Service Center.,https://www.id-austria.gv.at/de/hilfe/hilfe-zur-app-ida/generelle-informationen-zur-app-id-austria,hilfe-zur-app-ida,2025-11-20,True
Wann hilft mir diese Anleitung?,"Wenn Sie den Anmeldeprozess in der App gestartet haben und aufgefordert werden, einen QR-Code zu scannen. Wo finde ich den QR-Code? Wie scanne ich den QR-Code? Kann ich mich ohne QR-Code anmelden?",https://www.id-austria.gv.at/de/hilfe/hilfe-zur-app-ida/mit-qr-code-in-der-app-id-austria-verknuepfen,hilfe-zur-app-ida,2025-07-15,False
Wo finde Ich den QR-Code?,Öffnen Sie ida.gv.at/app im Web-Browser auf Ihrem Zweitgerät (z. B. Laptop). Melden Sie sich dort mit Ihrem ID Austria Benutzernamen und Signatur-Passwort an. Sie bekommen dann eine SMS mit einer TAN (Einmal-Passwort) zur Bestätigung. Geben Sie diese TAN auf der Webseite ein. Danach wird Ihr QR-Code angezeigt. Bildschirm-Ablauf für „QR-Code anzeigen“ im Web,https://www.id-austria.gv.at/de/hilfe/hilfe-zur-app-ida/mit-qr-code-in-der-app-id-austria-verknuepfen,hilfe-zur-app-ida,2025-07-15,True
Wie scanne ich den QR-Code?,"Sie können den QR-Code nicht mit der regulären Kamera-Funktion Ihres Smartphones scannen. Sie müssen dafür während des Anmeldeprozesses in der App die QR-Code-Scanfunktion nutzen. Um zur QR-Code-Scanfunktion zu gelangen, öffnen Sie die App „ID Austria“: Klicken Sie auf „App einrichten”. Klicken Sie auf „ID Austria verknüpfen“. Klicken Sie auf „QR-Code scannen“ und richten Sie die Kamera auf den QR-Code – dieser wird automatisch erkannt. Hinweis: Sie werden eventuell aufgefordert, der App Zugriff auf die Kamera zu geben. Bildschirm-Ablauf für „QR-Code scannen“ in der App",https://www.id-austria.gv.at/de/hilfe/hilfe-zur-app-ida/mit-qr-code-in-der-app-id-austria-verknuepfen,hilfe-zur-app-ida,2025-07-15,True
Kann ich mich ohne QR-Code in der App anmelden?,"Ja. Sollte das Scannen des QR-Codes nicht funktionieren, können Sie sich alternativ mit einem Einmalcode anmelden. Folgen Sie dafür den, oben angeführten, Schritten aus Wie scanne ich den QR-Code? und machen hier weiter: Schritt 1: Einmalcode beantragen (in der App) Wählen Sie am unteren Bildschirmrand „Mit Einmalcode aktivieren“. Der Einmalcode wird in der App angezeigt. Wichtig: Der Einmalcode ist nur für 5 Minuten gültig. Halten Sie deshalb bitte Ihr Zweitgerät bereit. Schritt 2: Einmalcode eingeben (am Zweitgerät) Wenn der QR-Code am Zweitgerät angezeigt wird, wählen Sie „Ich habe einen Einmalcode“. Geben Sie anschließend den Einmalcode, den Sie in der App sehen, auf Ihrem Zweitgerät ein. Eine ausführliche Anweisung finden Sie in der Schritt-für-Schritt Anleitung Wie kann ich die ID Austria mit der App „ID Austria“ verknüpfen.",https://www.id-austria.gv.at/de/hilfe/hilfe-zur-app-ida/mit-qr-code-in-der-app-id-austria-verknuepfen,hilfe-zur-app-ida,2025-07-15,True
Welche digitalen Services kann ich nutzen?,Die App „ID Austria“ vereinfacht die Nutzung von Angeboten der öffentlichen Verwaltung und schafft eine sichere Verbindung zu Dienstleistungen privater Anbieter. Alle digitalen Services finden Sie über die Suche auf oesterreich.gv.at,https://www.id-austria.gv.at/de/hilfe/hilfe-zur-app-ida/nutzung-der-app-id-austria,hilfe-zur-app-ida,2025-06-17,True
Welche Funktionen erfüllt die App „ID Austria“ mit der ID Austria?,"Die App „ID Austria“ ermöglicht: Anmeldung bei E-Government Services im Web ( z.B. Wohnsitzänderung, Wahlkarte beantragen, Mein Postkorb) Anmeldung bei E-Government Services in Apps ( z.B. FinanzOnline [+], e Ausweise) Unterschreiben von digitalen Dokumenten im Web (mittels qualifizierter Signatur) Anmeldung bei EU-weiten E-Government Services Zur Authentifizierung ist eine aktivierte Fingerabdruck-Funktion bzw. Gesichtserkennung/Iriserkennung und/oder ein Gerätepasswort notwendig.",https://www.id-austria.gv.at/de/hilfe/hilfe-zur-app-ida/nutzung-der-app-id-austria,hilfe-zur-app-ida,2025-06-17,True
Wie unterschreibe ich eine offene Signatur in der App „ID Austria“?,"In der Anleitung Aufrufen offener Signaturen in der App „ID Austria“ finden Sie eine detaillierte Beschreibung, wie Sie offene Signaturen anzeigen und unterschreiben. Voraussetzung ist Verknüpfung der App mit Ihrer ID Austria oder Ihrer elektronischen Identität (eID) eines anderen EU-Mitgliedstaates. Sie können außerdem Push-Benachrichtigungen auf Ihrem Smartphone erhalten, wenn eine offene Signatur bereitsteht. Dazu ist es notwendig, eine Berechtigung in den „Einstellungen“ Ihres Smartphones zu erteilen. Folgen Sie dazu der Anleitung „Wie aktiviere ich Benachrichtigungen für offene Signaturen?“ Brauchen Sie weitere Unterstützung? Bitte kontaktieren Sie das Service Center.",https://www.id-austria.gv.at/de/hilfe/hilfe-zur-app-ida/nutzung-der-app-id-austria,hilfe-zur-app-ida,2025-06-17,True
Die Anmeldung bei einem digitalen Service mithilfe der App „ID Austria“ funktioniert nicht ( iOS ). Was kann ich tun?,"Die nachfolgende Beschreibung trifft nur zu, wenn Sie ein digitales Service (oesterreich.gv.at, usp.gv.at...) auf Ihrem iOS-Gerät verwenden wollen, auf dem auch die App „ID Austria“ installiert ist. Wenn die Anmeldung nach Verwendung der App „ID Austria“ fehlschlägt und Sie in Ihrem Browser Fehlermeldungen erhalten, kann dies an einem automatischen Wechsel des Browsers liegen. Lösungsvorschlag: Öffnen Sie das gewünschte Service in jenem Browser, in dem Sie nun die Fehlermeldung sehen, und führen Sie dort die Anmeldung erneut durch. Hintergrund: Die Anmeldung wird nach Verwendung der App automatisch im Standard-Browser fortgesetzt. Durch einen etwaigen unbeabsichtigten Wechsel des Browsers gehen notwendige Informationen für die Anmeldung mit ID Austria verloren. Starten Sie daher Anmeldungen mit ID Austria bereits im Standard-Browser. Sie können auch jederzeit Ihren Standard-Browser ändern.",https://www.id-austria.gv.at/de/hilfe/hilfe-zur-app-ida/probleme-mit-der-app,hilfe-zur-app-ida,2025-06-19,True
Die installierte App „ID Austria“ öffnet sich nicht bei der Anmeldung am selben Gerät. Was kann ich tun?,Bitte befolgen Sie die Anweisungen in der Anleitung Aus der App „ID Austria“ direkt in Online-Services einsteigen ohne erneute Anmeldung.,https://www.id-austria.gv.at/de/hilfe/hilfe-zur-app-ida/probleme-mit-der-app,hilfe-zur-app-ida,2025-06-19,True
Nach der Übertragung auf ein neues Gerät funktioniert meine App „ID Austria“ nicht mehr. Was kann ich tun?,"Da die App „ID Austria“ immer an ein bestimmtes Gerät gebunden ist (Sicherheitszertifikat), kann sie nach der Übertragung auf ein neues Gerät nicht nahtlos weiterverwendet werden. Bei der erstmaligen Verknüpfung der App mit einem neuen Gerät ist die Eingabe Ihres Signatur-Passworts notwendig. So richten Sie die App „ID Austria“ auf Ihrem neuen Gerät ein: Melden Sie sich bitte auf Ihrem neuen Gerät aus der App „ID Austria“ ab. Starten Sie danach die Verknüpfung Ihrer ID Austria mit der App erneut. Dazu benötigen Sie ein Zweitgerät ( z.B. Laptop). Eine ausführliche Anleitung finden Sie unter ID Austria mit der App „ID Austria“ verknüpfen. Brauchen Sie weitere Unterstützung? Bitte kontaktieren Sie das Service Center.",https://www.id-austria.gv.at/de/hilfe/hilfe-zur-app-ida/probleme-mit-der-app,hilfe-zur-app-ida,2025-06-19,True
"Welche Sicherheitsvorkehrungen sind vorhanden, um die App zu schützen?","Vorkehrungen wie der Sicherheitsabgleich, die Überprüfung auf Bootloader sowie auf offenen Root-Zugang stellen sicher, dass Ihre App „ID Austria“ umfangreich geschützt ist.",https://www.id-austria.gv.at/de/hilfe/hilfe-zur-app-ida/sicherheitsvorkehrungen,hilfe-zur-app-ida,2026-08-06,True
Wie kann ich die Vertrauenswürdigkeit der App „ID Austria“ prüfen?,"Die App „ID Austria“ wird über die offiziellen App Stores von Apple und Android angeboten. Hier greifen die Qualitäts- und Sicherheitsprüfungen der Plattformanbieter. Diese gewährleisten, dass App-Anbieter hinsichtlich ihrer Autorisierung geprüft und transparent in den App Stores angezeigt werden. Um Nutzerinnen oder Nutzer zu schützen, wird in den App Stores geprüft, ob Apps mit ähnlichem Titel oder Design angeboten werden.",https://www.id-austria.gv.at/de/hilfe/hilfe-zur-app-ida/sicherheitsvorkehrungen,hilfe-zur-app-ida,2026-08-06,True
Warum werde ich fallweise beim Öffnen der App „ID Austria“ nach meinem Signatur-Passwort gefragt?,"Bei der erstmaligen Verknüpfung der App ist die Eingabe Ihres Signatur-Passworts notwendig. Dabei wird ein Sicherheitszertifikat ausgestellt. Solange das Sicherheitszertifikat gültig ist, ist eine Identifikation per Fingerabdruck bzw. Gesichtserkennung/Iriserkennung und/oder Gerätepasswort ausreichend. Das Zertifikat muss allerdings aus Sicherheitsgründen nach spätestens 6 Monaten automatisch erneuert werden. Dann ist die erneute Eingabe Ihres Signatur-Passworts notwendig. Zudem kann ein Update der App eine Neuausstellung des Zertifikats und damit eine erneute Eingabe Ihres Signatur-Passworts erfordern.",https://www.id-austria.gv.at/de/hilfe/hilfe-zur-app-ida/sicherheitsvorkehrungen,hilfe-zur-app-ida,2026-08-06,True
Wird in der App „ID Austria“ Firebase Analytics eingesetzt?,"Firebase Analytics ist in der App „ID Austria“ nicht aktiviert. Es wurden seit Beginn des Projekts explizite Vorkehrungen getroffen, damit die Tracking-Funktionalität mit Sicherheit deaktiviert ist. Firebase Cloud Messaging wird für Push-Benachrichtigungen auf Android und iOS eingesetzt. Da einige Reporting-Tools fälschlicherweise Firebase Analytics als aktiviert identifizieren, wird das APK-File der aktuellen App-Version aus Transparenzgründen öffentlich zum Download bereitgestellt, um eine genauere Untersuchung zu ermöglichen.",https://www.id-austria.gv.at/de/hilfe/hilfe-zur-app-ida/sicherheitsvorkehrungen,hilfe-zur-app-ida,2026-08-06,True
Android Binary Datei (APK) der App „ID Austria“,Aus Transparenzgründen wird hier die aktuelle APK-Datei der App „ID Austria“ veröffentlicht: V.5.6.1 am 6. August 2026 Brauchen Sie weitere Unterstützung? Bitte kontaktieren Sie das Service Center. Letzte Aktualisierung: 05.08.2026 Für den Inhalt verantwortlich: Bundeskanzleramt,https://www.id-austria.gv.at/de/hilfe/hilfe-zur-app-ida/sicherheitsvorkehrungen,hilfe-zur-app-ida,2026-08-06,False
Wann hilft mir diese Anleitung?,Wenn Sie Ihr Smartphone mit der App „ID Austria“ verloren haben bzw. ein neues Smartphone besitzen. Wie kann ich ein neues Smartphone in der App „ID Austria” anmelden? Ich habe keinen Zugriff auf meine alte (hinterlegte) Mobiltelefonnummer,https://www.id-austria.gv.at/de/hilfe/hilfe-zur-app-ida/smartphone-anmelden-in-der-app-id-austria,hilfe-zur-app-ida,2026-02-25,False
Wie kann ich ein neues Smartphone in der App „ID Austria“ verknüpfen,"Eine Verknüpfung mit der App ist nur dann möglich, wenn Sie Zugriff auf Ihre Mobiltelefonnummer haben, die in Ihrem ID Austria Konto hinterlegt ist, und Sie auf diese Nummer eine SMS empfangen können. Installieren Sie die App „ID Austria“ auf Ihrem neuen Smartphone und folgen Sie dem Ablauf. Öffnen Sie zusätzlich auf Ihrem Zweitgerät (z. B. Laptop) die Webseite ida.gv.at/app und folgen Sie den Anweisungen. Eine ausführliche Anweisung finden Sie in der Schritt-für-Schritt Anleitung Wie kann ich mich die ID Austria mit der App „ID Austria“ verknüpfen?",https://www.id-austria.gv.at/de/hilfe/hilfe-zur-app-ida/smartphone-anmelden-in-der-app-id-austria,hilfe-zur-app-ida,2026-02-25,False
Ich habe keinen Zugriff auf meine alte (hinterlegte) Mobiltelefonnummer,"Falls Sie Zugriff auf einen alternativen Authentifizierungsfaktor haben (z.B. FIDO-Sicherheitsschlüssel ) können Sie eine Anmeldung auf Ihrem neuen Smartphone durchführen. Falls dies nicht der Fall ist, müssen Sie eine neue ID Austria registrieren.",https://www.id-austria.gv.at/de/hilfe/hilfe-zur-app-ida/smartphone-anmelden-in-der-app-id-austria,hilfe-zur-app-ida,2026-02-25,False
"Welche Anforderungen und Einstellungen muss mein Smartphone erfüllen, damit ich meine ID Austria mit der App „ID Austria“ verknüpfen kann?","Damit Sie die App „ID Austria“ verwenden können, muss Ihr Smartphone folgende Anforderungen erfüllen: iOS Betriebssystemversion iOS 16 oder höher Aktivierte Touch ID bzw. Face ID und/oder iPhone-Code Wir empfehlen die Verwendung von Safari als Standardbrowser für Service-Anmeldungen auf dem Gerät, auf dem die App „ID Austria“ installiert ist. Android Betriebssystemversion Android 12 oder höher Aktivierte Fingerabdruck-Funktion bzw. Gesichtserkennung/Iriserkennung und/oder Gerätepasswort Das Gerätepasswort darf kein Wischmuster sein, muss aus mindestens vier Zeichen bestehen und darf keine Zahlenreihe ( z.B. 1234) oder Wiederholungen ( z.B. 1111) beinhalten. Wir empfehlen die Verwendung von Chrome als Standardbrowser für Service-Anmeldungen auf dem Gerät, auf dem die App „ID Austria“ installiert ist. Hinweis: Die Gesichtserkennung/Iriserkennung erfüllt nur auf wenigen Android-Geräten ( z.B. Google Pixel 8 und 8 Pro, Pixel 4 und 4 XL) die Sicherheitsanforderungen der App. Nutzen Sie daher auf anderen Geräten bitte die Fingerabdruck-Funktion und/oder das Gerätepasswort zur Authentifizierung. Hinweis: Es gibt einzelne Android-Geräte, die die Sicherheitsanforderungen der App „ID Austria“ nicht erfüllen. Darunter fallen: Samsung Galaxy S8 und S8+ Nokia 9 PureView Geräte mit offenem Root-Zugang Außerdem können derzeit vereinzelt bei Xiaomi-Geräten Probleme auftreten. Wenn Ihr Gerät nicht unterstützt wird, können Sie anstelle eines Smartphones auch einen FIDO-Sicherheitsschlüssel als zweiten Authentifizierungsfaktor verwenden.",https://www.id-austria.gv.at/de/hilfe/hilfe-zur-app-ida/systemanforderungen-der-app,hilfe-zur-app-ida,2026-02-18,True
Wie funktioniert der Sicherheitsabgleich der App?,"Der Sicherheitsabgleich prüft, ob Ihre App oder Ihr Gerät manipuliert wurde. Bei einem erfolgreichen Ergebnis kann gewährleistet werden, dass Daten nur von vertrauenswürdigen Apps geladen werden. Die Daten können so nicht missbräuchlich verarbeitet werden. Beim Sicherheitsabgleich wird kontrolliert, ob das Gerät alle Anforderungen erfüllt. Darunter fallen: Offizielle Version der App muss verwendet werden Gerät darf nicht gerootet sein Datum und Uhrzeit müssen korrekt eingestellt sein",https://www.id-austria.gv.at/de/hilfe/hilfe-zur-app-ida/systemanforderungen-der-app,hilfe-zur-app-ida,2026-02-18,True
Welche Risiken bestehen bei einem offenen Bootloader bzw. alternativen Betriebssystemen?,"Der Bootloader lädt das Betriebssystem des Geräts. Durch Öffnen des Bootloaders kann ein anderes Betriebssystem als das des Herstellers installiert werden. Einige alternative Betriebssysteme unterstützen jedoch die Sicherheitsmaßnahmen nicht ausreichend, weshalb ein Sicherheitsrisiko für Nachweisdaten bestehen kann. Daher wird empfohlen, die App „ID Austria“ nur mit dem Betriebssystem des Herstellers zu verwenden. Wenn Sie die Sicherheitseigenschaften Ihres alternativen Betriebssystems kennen, ist es möglich, die App „ID Austria“ auf eigenes Risiko auch mit offenem Bootloader zu verwenden. Wenn Sie den Bootloader nicht selbst geöffnet haben, wurde Ihr Gerät möglicherweise manipuliert. Bitte überprüfen Sie die Sicherheit Ihres Geräts.",https://www.id-austria.gv.at/de/hilfe/hilfe-zur-app-ida/systemanforderungen-der-app,hilfe-zur-app-ida,2026-02-18,True
Kann ich die App „ID Austria“ mit einem offenen Root-Zugang verwenden?,"Nein, dies ist nicht möglich. Die App „ID Austria“ kann auf Geräten, an denen eine Modifikation festgestellt wurde, aus Sicherheitsgründen nicht genutzt werden. Zur Nutzung müssen Sie Ihr Smartphone auf den ursprünglichen Zustand zurücksetzen. Geräte mit mobilen Betriebssystemen wie Android und iOS werden üblicherweise mit eingeschränkten Benutzerrechten ausgeliefert. Die Sicherheitsarchitektur der Systeme verhindert auf diese Weise, dass Benutzerinnen und Benutzer bzw. installierte Apps unmittelbaren Zugriff auf Systemdaten und die Daten anderer Apps erhalten. Ein Gerät, das laut technischer Tests nicht den Spezifikationen des Herstellers entspricht, birgt somit die Gefahr, dass die Sicherheitsmaßnahmen der ID Austria umgangen werden können ( z.B. indem ein Fingerabdruck als unterschriftsberechtigt definiert wird, der nicht von der authentifizierten Nutzerin oder dem authentifizierten Nutzer der ID Austria stammt) und somit nicht sichergestellt werden kann, wer ein digitales Amtsservice digital signiert. Hinweis: Anstelle eines Smartphones mit der App „ID Austria“ kann die ID Austria auch mit einem alternativen Authentifizierungsfaktor registriert und verwendet werden.",https://www.id-austria.gv.at/de/hilfe/hilfe-zur-app-ida/systemanforderungen-der-app,hilfe-zur-app-ida,2026-02-18,True
Kann ich die ID Austria und die App „ID Austria“ auch mit einem Wertkartenhandy nutzen?,"Ja, die App „ID Austria“ funktioniert auch mit einem Wertkartenhandy (Wertkarten-Smartphone). Brauchen Sie weitere Unterstützung? Bitte kontaktieren Sie das Service Center.",https://www.id-austria.gv.at/de/hilfe/hilfe-zur-app-ida/systemanforderungen-der-app,hilfe-zur-app-ida,2026-02-18,True
Wann hilft mir diese Anleitung?,"Wenn Sie prüfen wollen, ob Ihr Smartphone die Anforderungen erfüllt, damit Sie die App „ID Austria“ nutzen können. Welche Smartphones werden unterstützt? Welche Entsperrmethoden werden unterstützt? Wo finde ich mehr Informationen zu diesen Anforderungen?",https://www.id-austria.gv.at/de/hilfe/hilfe-zur-app-ida/technische-voraussetzungen-fuer-smartphones-fuer-die-nutzung-der-app-id-austria,hilfe-zur-app-ida,2026-02-18,False
Welche Smartphones werden unterstützt?,"Smartphones mit iOS (ab Version 16) sowie Android (ab Version 12) werden generell unterstützt, andere Betriebssysteme nicht. Aus Sicherheitsheitsgründen ausgeschlossen sind Geräte mit offenem Root-Zugang, sowie manche Android Geräte.",https://www.id-austria.gv.at/de/hilfe/hilfe-zur-app-ida/technische-voraussetzungen-fuer-smartphones-fuer-die-nutzung-der-app-id-austria,hilfe-zur-app-ida,2026-02-18,True
Welche Entsperrmethoden werden unterstützt?,"Damit Sie die App „ID Austria“ verwenden können, muss auf Ihrem Smartphone entweder die Fingerabdruck-Funktion bzw. Gesichtserkennung/Iriserkennung und/oder ein Gerätepasswort aktiviert sein. Eine Verwendung der App ist ohne eine der genannten Entsperrmethoden nicht möglich.",https://www.id-austria.gv.at/de/hilfe/hilfe-zur-app-ida/technische-voraussetzungen-fuer-smartphones-fuer-die-nutzung-der-app-id-austria,hilfe-zur-app-ida,2026-02-18,True
Wo finde ich mehr Informationen zu diesen Anforderungen,Mehr Details finden Sie in den FAQ zur App „ID Austria” in den Systemanforderungen.,https://www.id-austria.gv.at/de/hilfe/hilfe-zur-app-ida/technische-voraussetzungen-fuer-smartphones-fuer-die-nutzung-der-app-id-austria,hilfe-zur-app-ida,2026-02-18,False
Kann ich die App „ID Austria“ am PC bzw. am Laptop installieren?,Nein. Die App kann nicht am Computer installiert werden. Sie benötigen ein gängiges Smartphone oder Tablet. Bitte prüfen Sie die entsprechenden Systemanforderungen.,https://www.id-austria.gv.at/de/hilfe/hilfe-zur-app-ida/verfuegbarkeit,hilfe-zur-app-ida,2025-07-28,True
Gibt es die App „ID Austria“ auch in mehreren Sprachen?,Die App „ID Austria“ ist nur in deutscher Sprache verfügbar.,https://www.id-austria.gv.at/de/hilfe/hilfe-zur-app-ida/verfuegbarkeit,hilfe-zur-app-ida,2025-07-28,True
Kann ich die App „ID Austria“ auch außerhalb von Österreich benutzen?,Sie können die App und alle digitalen Amtsservices jederzeit außerhalb von Österreich nutzen. Brauchen Sie weitere Unterstützung? Bitte kontaktieren Sie das Service Center.,https://www.id-austria.gv.at/de/hilfe/hilfe-zur-app-ida/verfuegbarkeit,hilfe-zur-app-ida,2025-07-28,True
Warum ist eine Verknüpfung erforderlich?,"Um alle digitalen Amtsservices uneingeschränkt nutzen zu können, müssen Sie sich online identifizieren können. Die App dient als zweiter Authentifizierungsfaktor, um Ihre Anmeldungen und Signaturen bei Services zu bestätigen. Sobald Sie die App mit Ihrer ID Austria verknüpft haben, können Sie zudem bequem per Single-Sign-On (SSO) auf Webseiten der öffentlichen Verwaltung ohne weitere Passwortabfragen zugreifen.",https://www.id-austria.gv.at/de/hilfe/hilfe-zur-app-ida/verknuepfung-der-app-id-austria,hilfe-zur-app-ida,2025-07-16,True
Wie kann ich meine ID Austria mit der App „ID Austria“ verknüpfen?,"In der Anleitung ID Austria mit der App „ID Austria verknüpfen“ finden Sie eine detaillierte Beschreibung, wie Sie die Verknüpfung der App durchführen. Bitte beachten Sie: Sie benötigen dazu neben Ihrem Smartphone ein Zweitgerät ( z.B. einen Laptop).",https://www.id-austria.gv.at/de/hilfe/hilfe-zur-app-ida/verknuepfung-der-app-id-austria,hilfe-zur-app-ida,2025-07-16,True
"Was kann ich tun, wenn ich das Gerät mit einer verknüpften ID Austria verloren habe?","Verwenden Sie die Funktion „Auf allen Geräten abmelden“. In der Anleitung „ID Austria mit der App „ID Austria“ verknüpfen“ erfahren Sie, wie Sie ein neues Smartphone mit der App verknüpfen und was Sie tun können, wenn Sie keinen Zugriff mehr auf Ihre Mobiltelefonnummer haben. Brauchen Sie weitere Unterstützung? Bitte kontaktieren Sie das Service Center.",https://www.id-austria.gv.at/de/hilfe/hilfe-zur-app-ida/verknuepfung-der-app-id-austria,hilfe-zur-app-ida,2025-07-16,True
